PRNCPL_ID,OBJ_ID,PRNCPL_NM,ENTITY_ID,ACTV_IND
OLE2,OLE2,ole,OLE2,Y
OLE1106901514,OLE1106901514,ole-asneed,OLE3737,Y
OLE1110101123,OLE1110101123,ole-dharden,OLE3007,Y
OLE1110208926,OLE1110208926,ole-bgranvil,OLE3283,Y
OLE1110902378,OLE1110902378,ole-dbaer,OLE2783,Y
OLE1119909078,OLE1119909078,ole-theodore,OLE2734,Y
OLE1122304097,OLE1122304097,ole-racreame,OLE3504,Y
OLE1122607230,OLE1122607230,ole-jabeaton,OLE3944,Y
OLE1129107497,OLE1129107497,ole-tabojorq,OLE3769,Y
OLE1133303624,OLE1133303624,ole-rasutter,OLE3576,Y
OLE1135201202,OLE1135201202,ole-anemery,OLE1337,Y
OLE1137304513,OLE1137304513,ole-ehillard,OLE3591,Y
OLE1143902789,OLE1143902789,ole-istanfie,OLE3050,Y
OLE1153304576,OLE1153304576,ole-fharr,OLE3254,Y
OLE1164809566,OLE1164809566,ole-rahadfie,OLE3384,Y
OLE1170706400,OLE1170706400,ole-hahagans,OLE3546,Y
OLE1183109030,OLE1183109030,ole-aafarthi,OLE2947,Y
OLE1184605262,OLE1184605262,ole-tapeele,OLE2926,Y
OLE1189109800,OLE1189109800,ole-camcswee,OLE3651,Y
OLE1189909114,OLE1189909114,ole-ikonrad,OLE3202,Y
OLE1190207952,OLE1190207952,ole-nmendiol,OLE3824,Y
OLE1197209582,OLE1197209582,ole-degroot,OLE1455,Y
OLE1198203164,OLE1198203164,ole-ireland,OLE1453,Y
OLE1200708313,OLE1200708313,ole-rbcolang,OLE3561,Y
OLE1202108464,OLE1202108464,ole-rolunt,OLE2204,Y
OLE1203608260,OLE1203608260,ole-rbpaulin,OLE1002,Y
OLE1204808831,OLE1204808831,ole-abhafner,OLE1094,Y
OLE1206006319,OLE1206006319,ole-sbgerman,OLE4003,Y
OLE1208309261,OLE1208309261,ole-bborja,OLE3632,Y
OLE1208408248,OLE1208408248,ole-vrude,OLE3882,Y
OLE1209204593,OLE1209204593,ole-sbmoorma,OLE2824,Y
OLE1210506984,OLE1210506984,ole-mbbolano,OLE3106,Y
OLE1210908400,OLE1210908400,ole-ddisney,OLE3934,Y
OLE1223106803,OLE1223106803,ole-leflore,OLE1101,Y
OLE1224201162,OLE1224201162,ole-tbblue,OLE3374,Y
OLE1224705693,OLE1224705693,ole-jquesada,OLE3316,Y
OLE1226406048,OLE1226406048,ole-wbouldin,OLE2616,Y
OLE1226904798,OLE1226904798,ole-ablabont,OLE3877,Y
OLE1229409497,OLE1229409497,ole-tbswanne,OLE3168,Y
OLE1233208366,OLE1233208366,ole-obmckown,OLE3763,Y
OLE1239102444,OLE1239102444,ole-lpederso,OLE2914,Y
OLE1241605004,OLE1241605004,ole-lbflick,OLE3718,Y
OLE1246104058,OLE1246104058,ole-cbbeaure,OLE3340,Y
OLE1246806746,OLE1246806746,ole-mmatherl,OLE3795,Y
OLE1248203895,OLE1248203895,ole-bleighto,OLE1599,Y
OLE1249702947,OLE1249702947,ole-mbshorte,OLE1006,Y
OLE1250802481,OLE1250802481,ole-mswitzer,OLE3140,Y
OLE1255308159,OLE1255308159,ole-jswaney,OLE3375,Y
OLE1257009999,OLE1257009999,ole-bburruss,OLE3189,Y
OLE1257605304,OLE1257605304,ole-vbmaddux,OLE3236,Y
OLE1259209800,OLE1259209800,ole-smcsween,OLE3614,Y
OLE1271001025,OLE1271001025,ole-acrowe,OLE2907,Y
OLE1271005561,OLE1271005561,ole-abbagby,OLE3853,Y
OLE1271304676,OLE1271304676,ole-wbrazil,OLE3122,Y
OLE1273305787,OLE1273305787,ole-tgrigg,OLE3013,Y
OLE1274007182,OLE1274007182,ole-dbschlue,OLE3904,Y
OLE1275504380,OLE1275504380,ole-bbsimone,OLE2073,Y
OLE1288107367,OLE1288107367,ole-bbshankl,OLE1014,Y
OLE1289603908,OLE1289603908,ole-dbweed,OLE3597,Y
OLE1290503526,OLE1290503526,ole-fnunes,OLE2945,Y
OLE1290807742,OLE1290807742,ole-smarrufo,OLE3915,Y
OLE1294109220,OLE1294109220,ole-lblechne,OLE3868,Y
OLE1297209262,OLE1297209262,ole-hbbigley,OLE3612,Y
OLE1298309000,OLE1298309000,ole-hnichol,OLE3104,Y
OLE1298803604,OLE1298803604,ole-dbdesant,OLE3611,Y
OLE1302403183,OLE1302403183,ole-reich,OLE1515,Y
OLE1304408857,OLE1304408857,ole-hbogard,OLE3198,Y
OLE1305309367,OLE1305309367,ole-jaube,OLE3957,Y
OLE1305500732,OLE1305500732,ole-jpenning,OLE3983,Y
OLE1306305885,OLE1306305885,ole-lcbreton,OLE3754,Y
OLE1306901621,OLE1306901621,ole-acegan,OLE3603,Y
OLE1308508136,OLE1308508136,ole-hagood,OLE2797,Y
OLE1309104027,OLE1309104027,ole-feeney,OLE2693,Y
OLE1312601202,OLE1312601202,ole-kcemery,OLE3298,Y
OLE1325700900,OLE1325700900,ole-dcote,OLE3355,Y
OLE1326309202,OLE1326309202,ole-pagel,OLE2920,Y
OLE1326409751,OLE1326409751,ole-wadamski,OLE2815,Y
OLE1329201709,OLE1329201709,ole-scatwood,OLE3940,Y
OLE1329701509,OLE1329701509,ole-tcgabrie,OLE4008,Y
OLE1335003222,OLE1335003222,ole-jkitchen,OLE2965,Y
OLE1340401175,OLE1340401175,ole-scgorman,OLE3465,Y
OLE1362801241,OLE1362801241,ole-crockett,OLE1091,Y
OLE1364506195,OLE1364506195,ole-rcwhitte,OLE2917,Y
OLE1365502400,OLE1365502400,ole-toldham,OLE3268,Y
OLE1369907980,OLE1369907980,ole-mgaspard,OLE3032,Y
OLE1370604405,OLE1370604405,ole-nbarden,OLE3272,Y
OLE1373005978,OLE1373005978,ole-hsoucy,OLE3743,Y
OLE1373503598,OLE1373503598,ole-hoates,OLE3679,Y
OLE1377209588,OLE1377209588,ole-clinksca,OLE2762,Y
OLE1381802688,OLE1381802688,ole-mitalber,OLE3154,Y
OLE1386607996,OLE1386607996,ole-eccann,OLE3449,Y
OLE1391306877,OLE1391306877,ole-jccrim,OLE3616,Y
OLE1391703903,OLE1391703903,ole-jccranfo,OLE3773,Y
OLE1391709836,OLE1391709836,ole-jcgasawa,OLE3024,Y
OLE1394308640,OLE1394308640,ole-ccjeanlo,OLE3585,Y
OLE1395608638,OLE1395608638,ole-dkeesee,OLE3319,Y
OLE1396502519,OLE1396502519,ole-acbaugh,OLE3035,Y
OLE1399906687,OLE1399906687,ole-jcmcphee,OLE3228,Y
OLE1401601855,OLE1401601855,ole-gyazzie,OLE3179,Y
OLE1402703961,OLE1402703961,ole-ahrens,OLE2388,Y
OLE1407101459,OLE1407101459,ole-fpelleti,OLE3296,Y
OLE1409801740,OLE1409801740,ole-edsteine,OLE3563,Y
OLE1409904240,OLE1409904240,ole-jdpfeife,OLE3170,Y
OLE1416100736,OLE1416100736,ole-tkoch,OLE3816,Y
OLE1417202799,OLE1417202799,ole-gdduggan,OLE3777,Y
OLE1421900725,OLE1421900725,ole-bdashley,OLE3675,Y
OLE1423005543,OLE1423005543,ole-henshaw,OLE2235,Y
OLE1423508220,OLE1423508220,ole-jdboldt,OLE3982,Y
OLE1429401698,OLE1429401698,ole-tdweir,OLE3890,Y
OLE1429707627,OLE1429707627,ole-tdblackm,OLE3305,Y
OLE1435600603,OLE1435600603,ole-rhess,OLE3783,Y
OLE1435601504,OLE1435601504,ole-rplatt,OLE2887,Y
OLE1438202062,OLE1438202062,ole-bdbenedi,OLE2621,Y
OLE1443505632,OLE1443505632,ole-adbrunel,OLE3789,Y
OLE1445401166,OLE1445401166,ole-erubio,OLE2837,Y
OLE1452907448,OLE1452907448,ole-thaxton,OLE2138,Y
OLE1461200273,OLE1461200273,ole-clowe,OLE3542,Y
OLE1462106196,OLE1462106196,ole-dwarring,OLE2888,Y
OLE1463703123,OLE1463703123,ole-gdmassie,OLE3932,Y
OLE1463708773,OLE1463708773,ole-gdwolfen,OLE3446,Y
OLE1466201279,OLE1466201279,ole-jdweston,OLE2876,Y
OLE1469805442,OLE1469805442,ole-ikite,OLE2937,Y
OLE1481405715,OLE1481405715,ole-burwell,OLE2829,Y
OLE1486601605,OLE1486601605,ole-edlink,OLE3714,Y
OLE1494004993,OLE1494004993,ole-mlunn,OLE3239,Y
OLE1499309452,OLE1499309452,ole-bfey,OLE3132,Y
OLE1504703229,OLE1504703229,ole-cburnsid,OLE3102,Y
OLE1505600379,OLE1505600379,ole-jerowe,OLE3913,Y
OLE1506406723,OLE1506406723,ole-nwigfall,OLE3388,Y
OLE1507307306,OLE1507307306,ole-berisner,OLE1315,Y
OLE1509103107,OLE1509103107,ole-aemcafee,OLE1012,Y
OLE1513707924,OLE1513707924,ole-rearbuck,OLE3453,Y
OLE1514106516,OLE1514106516,ole-sharma,OLE1078,Y
OLE1516301766,OLE1516301766,ole-deeasley,OLE3503,Y
OLE1516709007,OLE1516709007,ole-felingo,OLE3433,Y
OLE1516803729,OLE1516803729,ole-sturgill,OLE2800,Y
OLE1520300891,OLE1520300891,ole-revalenz,OLE3900,Y
OLE1522307114,OLE1522307114,ole-rtye,OLE3949,Y
OLE1523400530,OLE1523400530,ole-noconnor,OLE3979,Y
OLE1525600953,OLE1525600953,ole-dekirkla,OLE3952,Y
OLE1526100787,OLE1526100787,ole-cantu,OLE1334,Y
OLE1529707192,OLE1529707192,ole-tmedelli,OLE3509,Y
OLE1531507338,OLE1531507338,ole-degarret,OLE3993,Y
OLE1533606607,OLE1533606607,ole-ccozart,OLE3439,Y
OLE1538407407,OLE1538407407,ole-sehafer,OLE3207,Y
OLE1539805280,OLE1539805280,ole-recoffee,OLE2567,Y
OLE1541203472,OLE1541203472,ole-wwentwor,OLE3052,Y
OLE1542907750,OLE1542907750,ole-jahnke,OLE2629,Y
OLE1545104915,OLE1545104915,ole-abarring,OLE2943,Y
OLE1548905190,OLE1548905190,ole-jlarrabe,OLE3330,Y
OLE1550800182,OLE1550800182,ole-lane,OLE1232,Y
OLE1555503680,OLE1555503680,ole-eeschwei,OLE3821,Y
OLE1556602834,OLE1556602834,ole-dealicea,OLE3829,Y
OLE1565601803,OLE1565601803,ole-senava,OLE3000,Y
OLE1567300664,OLE1567300664,ole-sellison,OLE3430,Y
OLE1569401609,OLE1569401609,ole-peacock,OLE2376,Y
OLE1572208606,OLE1572208606,ole-walcott,OLE1107,Y
OLE1581207819,OLE1581207819,ole-rmangan,OLE2936,Y
OLE1583009370,OLE1583009370,ole-aeabad,OLE3071,Y
OLE1586001806,OLE1586001806,ole-bhoneycu,OLE2844,Y
OLE1586809641,OLE1586809641,ole-robeson,OLE2578,Y
OLE1587202030,OLE1587202030,ole-remalloy,OLE3490,Y
OLE1591904250,OLE1591904250,ole-cgoebel,OLE2984,Y
OLE1594308264,OLE1594308264,ole-cenicely,OLE3639,Y
OLE1595003228,OLE1595003228,ole-hcalkins,OLE3314,Y
OLE1601505971,OLE1601505971,ole-dfalbert,OLE3336,Y
OLE1603607198,OLE1603607198,ole-rlamoure,OLE3571,Y
OLE1604403450,OLE1604403450,ole-hffinche,OLE2780,Y
OLE1604603002,OLE1604603002,ole-westfall,OLE1013,Y
OLE1604806887,OLE1604806887,ole-afwasser,OLE2857,Y
OLE1607306341,OLE1607306341,ole-bfreber,OLE3782,Y
OLE1610003826,OLE1610003826,ole-akunkel,OLE2849,Y
OLE1611308074,OLE1611308074,ole-ncarner,OLE3903,Y
OLE1612700914,OLE1612700914,ole-ffrosale,OLE3745,Y
OLE1612703479,OLE1612703479,ole-fricci,OLE3728,Y
OLE1617103986,OLE1617103986,ole-wftom,OLE3204,Y
OLE1618507225,OLE1618507225,ole-vbrooke,OLE3608,Y
OLE1623901088,OLE1623901088,ole-claw,OLE3368,Y
OLE1624505499,OLE1624505499,ole-lfalcone,OLE3481,Y
OLE1625704209,OLE1625704209,ole-dbinkley,OLE3217,Y
OLE1632009201,OLE1632009201,ole-lfpasley,OLE3627,Y
OLE1634605169,OLE1634605169,ole-kbotello,OLE3584,Y
OLE1638600687,OLE1638600687,ole-mchang,OLE2826,Y
OLE1640704968,OLE1640704968,ole-ihargett,OLE3373,Y
OLE1641209639,OLE1641209639,ole-wfrosenb,OLE3401,Y
OLE1643905301,OLE1643905301,ole-imiracle,OLE3871,Y
OLE1645207081,OLE1645207081,ole-efley,OLE2582,Y
OLE1645403294,OLE1645403294,ole-efostran,OLE3507,Y
OLE1651505232,OLE1651505232,ole-haddock,OLE1108,Y
OLE1658401295,OLE1658401295,ole-aflowry,OLE3799,Y
OLE1659102154,OLE1659102154,ole-aaviles,OLE3991,Y
OLE1659405606,OLE1659405606,ole-nolinger,OLE2909,Y
OLE1662000685,OLE1662000685,ole-jfvelasq,OLE2781,Y
OLE1665808937,OLE1665808937,ole-fang,OLE1077,Y
OLE1668303757,OLE1668303757,ole-dfbrent,OLE3108,Y
OLE1674805643,OLE1674805643,ole-bsummer,OLE2929,Y
OLE1680308253,OLE1680308253,ole-droemer,OLE2991,Y
OLE1682403759,OLE1682403759,ole-albatten,OLE3813,Y
OLE1683304591,OLE1683304591,ole-luschrei,OLE3499,Y
OLE1689406108,OLE1689406108,ole-oroof,OLE3589,Y
OLE1693204528,OLE1693204528,ole-jingraha,OLE2658,Y
OLE1695804716,OLE1695804716,ole-opender,OLE3828,Y
OLE1700701530,OLE1700701530,ole-rglay,OLE3172,Y
OLE1701107778,OLE1701107778,ole-cgbashaw,OLE2990,Y
OLE1701207121,OLE1701207121,ole-dstanfil,OLE3041,Y
OLE1705103394,OLE1705103394,ole-jodaniel,OLE1068,Y
OLE1713307115,OLE1713307115,ole-toner,OLE2761,Y
OLE1715400568,OLE1715400568,ole-tgmosley,OLE3018,Y
OLE1715703441,OLE1715703441,ole-jogrigsb,OLE3646,Y
OLE1717008596,OLE1717008596,ole-tbayles,OLE3099,Y
OLE1719509014,OLE1719509014,ole-bkorte,OLE2948,Y
OLE1729700072,OLE1729700072,ole-twatson,OLE2817,Y
OLE1730300231,OLE1730300231,ole-fjacobs,OLE3426,Y
OLE1731109684,OLE1731109684,ole-jhoekstr,OLE3501,Y
OLE1732407799,OLE1732407799,ole-kgriffe,OLE3878,Y
OLE1736503440,OLE1736503440,ole-pwhitesi,OLE3660,Y
OLE1736801902,OLE1736801902,ole-gesposit,OLE3790,Y
OLE1739701101,OLE1739701101,ole-kggodfre,OLE3390,Y
OLE1741404211,OLE1741404211,ole-weis,OLE1057,Y
OLE1742302068,OLE1742302068,ole-efaust,OLE2872,Y
OLE1743101782,OLE1743101782,ole-dstaples,OLE3472,Y
OLE1747705005,OLE1747705005,ole-edmunds,OLE1137,Y
OLE1756202191,OLE1756202191,ole-qmedley,OLE1087,Y
OLE1758506777,OLE1758506777,ole-gwestove,OLE3144,Y
OLE1760600402,OLE1760600402,ole-dgquinn,OLE3879,Y
OLE1769006523,OLE1769006523,ole-dringer,OLE2799,Y
OLE1770301008,OLE1770301008,ole-cgcowan,OLE3792,Y
OLE1771605842,OLE1771605842,ole-tgalders,OLE2903,Y
OLE1772009053,OLE1772009053,ole-fbrimmer,OLE4015,Y
OLE1772205236,OLE1772205236,ole-kgcaruth,OLE3842,Y
OLE1777902237,OLE1777902237,ole-hgcanale,OLE3413,Y
OLE1778407739,OLE1778407739,ole-gamcgann,OLE3359,Y
OLE1781003865,OLE1781003865,ole-warriaga,OLE3760,Y
OLE1781104312,OLE1781104312,ole-rgforet,OLE3002,Y
OLE1793008100,OLE1793008100,ole-agsistru,OLE3550,Y
OLE1794704319,OLE1794704319,ole-karchie,OLE3716,Y
OLE1800105002,OLE1800105002,ole-jharrels,OLE3733,Y
OLE1805206486,OLE1805206486,ole-jholifie,OLE3289,Y
OLE1805600524,OLE1805600524,ole-wolf,OLE2224,Y
OLE1811109385,OLE1811109385,ole-rtasker,OLE3610,Y
OLE1815201705,OLE1815201705,ole-jdugan,OLE3348,Y
OLE1815208190,OLE1815208190,ole-houlihan,OLE1001,Y
OLE1816003921,OLE1816003921,ole-lhwild,OLE4017,Y
OLE1817304397,OLE1817304397,ole-dheagle,OLE3698,Y
OLE1821805071,OLE1821805071,ole-eharmend,OLE3681,Y
OLE1825000680,OLE1825000680,ole-sexton,OLE3248,Y
OLE1825401133,OLE1825401133,ole-hhbolden,OLE3194,Y
OLE1851407732,OLE1851407732,ole-lraab,OLE3080,Y
OLE1858404165,OLE1858404165,ole-awalston,OLE3349,Y
OLE1860205280,OLE1860205280,ole-bcoffee,OLE3304,Y
OLE1860501124,OLE1860501124,ole-khcrabtr,OLE1016,Y
OLE1860703812,OLE1860703812,ole-mhkozlow,OLE3067,Y
OLE1862105446,OLE1862105446,ole-dhhicker,OLE3447,Y
OLE1867204529,OLE1867204529,ole-mhhiller,OLE3996,Y
OLE1867601981,OLE1867601981,ole-ehsheare,OLE3547,Y
OLE1870105802,OLE1870105802,ole-bsuzuki,OLE3256,Y
OLE1872708343,OLE1872708343,ole-cswinson,OLE3129,Y
OLE1873802777,OLE1873802777,ole-voglesby,OLE3048,Y
OLE1877007651,OLE1877007651,ole-renshaw,OLE2865,Y
OLE1879003958,OLE1879003958,ole-ahdurden,OLE3463,Y
OLE1881202850,OLE1881202850,ole-rhharbin,OLE3630,Y
OLE1890604607,OLE1890604607,ole-rhfoltz,OLE3315,Y
OLE1890805655,OLE1890805655,ole-sowings,OLE2923,Y
OLE1893206735,OLE1893206735,ole-jpelleri,OLE3680,Y
OLE1893804727,OLE1893804727,ole-pforest,OLE3066,Y
OLE1896903531,OLE1896903531,ole-thhiggs,OLE3438,Y
OLE1897800967,OLE1897800967,ole-dhfranks,OLE3397,Y
OLE1908806212,OLE1908806212,ole-mcdavid,OLE1115,Y
OLE1913409136,OLE1913409136,ole-efiscus,OLE3233,Y
OLE1913605143,OLE1913605143,ole-eispille,OLE3346,Y
OLE1917101392,OLE1917101392,ole-wraines,OLE3287,Y
OLE1927601081,OLE1927601081,ole-moser,OLE2825,Y
OLE1936702499,OLE1936702499,ole-gokeefe,OLE2996,Y
OLE1940602451,OLE1940602451,ole-cischaef,OLE3407,Y
OLE1946205984,OLE1946205984,ole-lileath,OLE3688,Y
OLE1950502955,OLE1950502955,ole-tsaavedr,OLE2898,Y
OLE1951202859,OLE1951202859,ole-eireynos,OLE3967,Y
OLE1956702925,OLE1956702925,ole-aichow,OLE3884,Y
OLE1959008511,OLE1959008511,ole-ahlers,OLE2743,Y
OLE1963107144,OLE1963107144,ole-rlanda,OLE3343,Y
OLE1969307398,OLE1969307398,ole-clamp,OLE3558,Y
OLE1975509930,OLE1975509930,ole-bmodica,OLE2946,Y
OLE1976402563,OLE1976402563,ole-eilawton,OLE2492,Y
OLE1977504222,OLE1977504222,ole-tination,OLE3031,Y
OLE1982103476,OLE1982103476,ole-risaucie,OLE3781,Y
OLE1982906442,OLE1982906442,ole-bfederic,OLE3477,Y
OLE1985208153,OLE1985208153,ole-mwines,OLE3470,Y
OLE1988505427,OLE1988505427,ole-awestcot,OLE3831,Y
OLE1988805632,OLE1988805632,ole-brunelle,OLE1036,Y
OLE1991802088,OLE1991802088,ole-divarela,OLE2908,Y
OLE1996305599,OLE1996305599,ole-tithurmo,OLE3864,Y
OLE1997403090,OLE1997403090,ole-mbillups,OLE3082,Y
OLE1998203566,OLE1998203566,ole-rstiltne,OLE2954,Y
OLE1999401495,OLE1999401495,ole-qmarin,OLE1744,Y
OLE2003405744,OLE2003405744,ole-sjgott,OLE3833,Y
OLE2007308722,OLE2007308722,ole-bkrouse,OLE3350,Y
OLE2007901595,OLE2007901595,ole-hlackey,OLE3459,Y
OLE2015800662,OLE2015800662,ole-rjweiss,OLE4026,Y
OLE2017509094,OLE2017509094,ole-jquacken,OLE3130,Y
OLE2030404991,OLE2030404991,ole-ajpedigo,OLE1601,Y
OLE2035402366,OLE2035402366,ole-jjojeda,OLE3835,Y
OLE2037407017,OLE2037407017,ole-dkean,OLE3077,Y
OLE2039604860,OLE2039604860,ole-sjvillag,OLE3143,Y
OLE2040308140,OLE2040308140,ole-ljgarry,OLE3484,Y
OLE2042307164,OLE2042307164,ole-econwell,OLE2874,Y
OLE2044004167,OLE2044004167,ole-csipes,OLE3285,Y
OLE2047009140,OLE2047009140,ole-aeanes,OLE3912,Y
OLE2051003056,OLE2051003056,ole-tbrito,OLE3818,Y
OLE2056202906,OLE2056202906,ole-qthao,OLE3994,Y
OLE2057006123,OLE2057006123,ole-bhollifi,OLE2971,Y
OLE2059604038,OLE2059604038,ole-wjwitte,OLE2860,Y
OLE2063705233,OLE2063705233,ole-gducharm,OLE3178,Y
OLE2065607872,OLE2065607872,ole-sshaughn,OLE2886,Y
OLE2067406910,OLE2067406910,ole-vlaroche,OLE2843,Y
OLE2079200881,OLE2079200881,ole-hberger,OLE2980,Y
OLE2079403368,OLE2079403368,ole-gposton,OLE3419,Y
OLE2079504577,OLE2079504577,ole-ggaray,OLE1545,Y
OLE2079807479,OLE2079807479,ole-rjkobaya,OLE3502,Y
OLE2090102017,OLE2090102017,ole-tjnunn,OLE3721,Y
OLE2093401908,OLE2093401908,ole-tjkeenan,OLE3847,Y
OLE2098609156,OLE2098609156,ole-rbrannen,OLE3257,Y
OLE2100108872,OLE2100108872,ole-jtrueblo,OLE3103,Y
OLE2107408108,OLE2107408108,ole-striccia,OLE3812,Y
OLE2112807392,OLE2112807392,ole-bmcalpin,OLE3619,Y
OLE2117500270,OLE2117500270,ole-jkcurtis,OLE3937,Y
OLE2122306680,OLE2122306680,ole-rkrhone,OLE3690,Y
OLE2123906967,OLE2123906967,ole-cgillam,OLE3011,Y
OLE2125805710,OLE2125805710,ole-akfix,OLE3098,Y
OLE2129506255,OLE2129506255,ole-rerumsey,OLE2782,Y
OLE2130202257,OLE2130202257,ole-skgant,OLE3136,Y
OLE2133704704,OLE2133704704,ole-appleton,OLE2774,Y
OLE2141500632,OLE2141500632,ole-mkbooker,OLE3980,Y
OLE2142103403,OLE2142103403,ole-mkcuster,OLE3093,Y
OLE2151305938,OLE2151305938,ole-sreams,OLE3297,Y
OLE2151904169,OLE2151904169,ole-mrawlins,OLE2595,Y
OLE2153800157,OLE2153800157,ole-rose,OLE2796,Y
OLE2155107462,OLE2155107462,ole-apfister,OLE4025,Y
OLE2156007406,OLE2156007406,ole-ekhallid,OLE3707,Y
OLE2158407946,OLE2158407946,ole-akpisano,OLE3948,Y
OLE2159401306,OLE2159401306,ole-nsingh,OLE3694,Y
OLE2160401493,OLE2160401493,ole-ekarella,OLE3819,Y
OLE2160507403,OLE2160507403,ole-kkherefo,OLE2018,Y
OLE2164400022,OLE2164400022,ole-rodrigue,OLE1079,Y
OLE2165804985,OLE2165804985,ole-nsoper,OLE3925,Y
OLE2166904212,OLE2166904212,ole-rverdin,OLE3747,Y
OLE2168808105,OLE2168808105,ole-rruffner,OLE3081,Y
OLE2169500830,OLE2169500830,ole-mbernard,OLE3524,Y
OLE2171104510,OLE2171104510,ole-lkmulkey,OLE2822,Y
OLE2171806350,OLE2171806350,ole-jloeffle,OLE3165,Y
OLE2187909904,OLE2187909904,ole-lkshifle,OLE3288,Y
OLE2191200653,OLE2191200653,ole-lmcclure,OLE3656,Y
OLE2191506168,OLE2191506168,ole-wklykins,OLE3138,Y
OLE2198202350,OLE2198202350,ole-rklombar,OLE3922,Y
OLE2200400621,OLE2200400621,ole-mcallaha,OLE3034,Y
OLE2208900926,OLE2208900926,ole-jlemerso,OLE3924,Y
OLE2210506219,OLE2210506219,ole-mllargen,OLE3466,Y
OLE2210608902,OLE2210608902,ole-smorell,OLE3083,Y
OLE2210808811,OLE2210808811,ole-mckamey,OLE2770,Y
OLE2211304154,OLE2211304154,ole-ngerald,OLE3998,Y
OLE2216501154,OLE2216501154,ole-dmanley,OLE3797,Y
OLE2216800403,OLE2216800403,ole-llblake,OLE3277,Y
OLE2219604689,OLE2219604689,ole-rkeyser,OLE3056,Y
OLE2228105867,OLE2228105867,ole-damanzan,OLE3961,Y
OLE2228809634,OLE2228809634,ole-klshenk,OLE3431,Y
OLE2232000480,OLE2232000480,ole-lboone,OLE3150,Y
OLE2234900338,OLE2234900338,ole-rlbaldwi,OLE3235,Y
OLE2235508855,OLE2235508855,ole-mbrochu,OLE2878,Y
OLE2235508898,OLE2235508898,ole-moloughl,OLE3332,Y
OLE2237202707,OLE2237202707,ole-abney,OLE4036,Y
OLE2244704330,OLE2244704330,ole-dmcgehee,OLE2978,Y
OLE2247204558,OLE2247204558,ole-mforster,OLE3182,Y
OLE2250505415,OLE2250505415,ole-tbyron,OLE2795,Y
OLE2251000129,OLE2251000129,ole-tlporter,OLE4000,Y
OLE2253102501,OLE2253102501,ole-pgannon,OLE3963,Y
OLE2253805465,OLE2253805465,ole-klbaran,OLE3622,Y
OLE2254202107,OLE2254202107,ole-clgrossm,OLE2951,Y
OLE2256603317,OLE2256603317,ole-dlcarl,OLE2848,Y
OLE2257903278,OLE2257903278,ole-joreddic,OLE3938,Y
OLE2264204055,OLE2264204055,ole-adcochra,OLE1138,Y
OLE2266302958,OLE2266302958,ole-elmchenr,OLE3049,Y
OLE2275203572,OLE2275203572,ole-aharter,OLE3486,Y
OLE2283704736,OLE2283704736,ole-swickham,OLE3593,Y
OLE2285105599,OLE2285105599,ole-rothurmo,OLE3858,Y
OLE2286203328,OLE2286203328,ole-graff,OLE2779,Y
OLE2286701827,OLE2286701827,ole-jlconnel,OLE3965,Y
OLE2300300978,OLE2300300978,ole-rmoneil,OLE1082,Y
OLE2302909552,OLE2302909552,ole-lmjarboe,OLE3308,Y
OLE2307207334,OLE2307207334,ole-wgrillo,OLE1525,Y
OLE2307308417,OLE2307308417,ole-biworces,OLE1102,Y
OLE2308608509,OLE2308608509,ole-emalpert,OLE3885,Y
OLE2310609761,OLE2310609761,ole-smvansco,OLE3227,Y
OLE2311506822,OLE2311506822,ole-mmdilley,OLE4014,Y
OLE2314607060,OLE2314607060,ole-mmstouff,OLE3615,Y
OLE2314806121,OLE2314806121,ole-tmkato,OLE1021,Y
OLE2318004374,OLE2318004374,ole-lmtotten,OLE3808,Y
OLE2318605547,OLE2318605547,ole-rmdurst,OLE3113,Y
OLE2319606904,OLE2319606904,ole-ramckim,OLE3794,Y
OLE2321500336,OLE2321500336,ole-dmcummin,OLE3409,Y
OLE2325208621,OLE2325208621,ole-gpartee,OLE3671,Y
OLE2329509434,OLE2329509434,ole-rkephart,OLE2928,Y
OLE2330602960,OLE2330602960,ole-lachance,OLE2834,Y
OLE2331208456,OLE2331208456,ole-melson,OLE1574,Y
OLE2331903502,OLE2331903502,ole-odevries,OLE1032,Y
OLE2331909034,OLE2331909034,ole-elgin,OLE1045,Y
OLE2341000360,OLE2341000360,ole-vega,OLE2810,Y
OLE2343308403,OLE2343308403,ole-emdaviss,OLE3843,Y
OLE2355802016,OLE2355802016,ole-mmcronin,OLE3852,Y
OLE2361100900,OLE2361100900,ole-tcote,OLE3752,Y
OLE2361504918,OLE2361504918,ole-jmschram,OLE3444,Y
OLE2362105752,OLE2362105752,ole-dmdever,OLE3520,Y
OLE2363702481,OLE2363702481,ole-switzer,OLE2821,Y
OLE2366709421,OLE2366709421,ole-mcmaster,OLE2230,Y
OLE2367402565,OLE2367402565,ole-vwhiting,OLE2957,Y
OLE2368908934,OLE2368908934,ole-jferree,OLE3962,Y
OLE2371700399,OLE2371700399,ole-flowers,OLE2818,Y
OLE2379808946,OLE2379808946,ole-rdonohoe,OLE3535,Y
OLE2381600911,OLE2381600911,ole-jbaird,OLE3061,Y
OLE2382401375,OLE2382401375,ole-asmiley,OLE4013,Y
OLE2385706642,OLE2385706642,ole-lkerley,OLE3273,Y
OLE2390600602,OLE2390600602,ole-hutchins,OLE1090,Y
OLE2393306338,OLE2393306338,ole-dspinell,OLE3933,Y
OLE2396907870,OLE2396907870,ole-sweitzer,OLE2862,Y
OLE2405502709,OLE2405502709,ole-jnrhoads,OLE3744,Y
OLE2416008397,OLE2416008397,ole-leshelma,OLE3195,Y
OLE2420002064,OLE2420002064,ole-ghamby,OLE3609,Y
OLE2420700782,OLE2420700782,ole-rnmcinty,OLE1023,Y
OLE2422606713,OLE2422606713,ole-jnbybee,OLE3043,Y
OLE2422607714,OLE2422607714,ole-jateasle,OLE2889,Y
OLE2431808577,OLE2431808577,ole-duggins,OLE1047,Y
OLE2442402300,OLE2442402300,ole-dliu,OLE4043,Y
OLE2444607029,OLE2444607029,ole-dnginsbe,OLE3094,Y
OLE2450002411,OLE2450002411,ole-emonahan,OLE3556,Y
OLE2452000667,OLE2452000667,ole-mwinters,OLE3601,Y
OLE2456208743,OLE2456208743,ole-qfeather,OLE2861,Y
OLE2456303043,OLE2456303043,ole-anclancy,OLE3654,Y
OLE2459709799,OLE2459709799,ole-nnmcwhir,OLE3387,Y
OLE2462903583,OLE2462903583,ole-rnroyste,OLE3311,Y
OLE2466307862,OLE2466307862,ole-enalsup,OLE3954,Y
OLE2468607983,OLE2468607983,ole-enfitzhu,OLE3483,Y
OLE2470005487,OLE2470005487,ole-djohnsto,OLE1433,Y
OLE2470508447,OLE2470508447,ole-bnober,OLE3379,Y
OLE2473509501,OLE2473509501,ole-hnsheehy,OLE3274,Y
OLE2477306322,OLE2477306322,ole-sneberle,OLE3105,Y
OLE2479206997,OLE2479206997,ole-hvalente,OLE2893,Y
OLE2488308819,OLE2488308819,ole-gleffler,OLE3511,Y
OLE2492206714,OLE2492206714,ole-obrockwa,OLE3562,Y
OLE2493208285,OLE2493208285,ole-jkaminsk,OLE3367,Y
OLE2498300893,OLE2498300893,ole-hnmayer,OLE3417,Y
OLE2499408370,OLE2499408370,ole-qlaux,OLE1884,Y
OLE2501003115,OLE2501003115,ole-tcharlto,OLE3860,Y
OLE2513907599,OLE2513907599,ole-rokowalc,OLE2839,Y
OLE2514300297,OLE2514300297,ole-morhodes,OLE3276,Y
OLE2517107355,OLE2517107355,ole-wbreault,OLE3467,Y
OLE2528805211,OLE2528805211,ole-kalmonte,OLE3530,Y
OLE2529001055,OLE2529001055,ole-mogregg,OLE3313,Y
OLE2532408486,OLE2532408486,ole-kfulbrig,OLE2961,Y
OLE2537402233,OLE2537402233,ole-donugent,OLE1005,Y
OLE2537809390,OLE2537809390,ole-coshambl,OLE3820,Y
OLE2539200452,OLE2539200452,ole-gopoole,OLE2776,Y
OLE2544403609,OLE2544403609,ole-fscherer,OLE3613,Y
OLE2552202601,OLE2552202601,ole-bisom,OLE3555,Y
OLE2552809682,OLE2552809682,ole-eohurlbu,OLE3393,Y
OLE2553103572,OLE2553103572,ole-pharter,OLE3620,Y
OLE2553405475,OLE2553405475,ole-eoschenc,OLE3488,Y
OLE2557302698,OLE2557302698,ole-wwren,OLE3266,Y
OLE2558305577,OLE2558305577,ole-domarlin,OLE3342,Y
OLE2559901166,OLE2559901166,ole-rorubio,OLE3476,Y
OLE2563206771,OLE2563206771,ole-mclyde,OLE3731,Y
OLE2563307411,OLE2563307411,ole-gfrances,OLE3633,Y
OLE2564500627,OLE2564500627,ole-rocarey,OLE3201,Y
OLE2565902038,OLE2565902038,ole-vhuntley,OLE2554,Y
OLE2566404853,OLE2566404853,ole-bgroff,OLE3410,Y
OLE2566903942,OLE2566903942,ole-rshrader,OLE3125,Y
OLE2572007692,OLE2572007692,ole-fcarley,OLE3981,Y
OLE2578605950,OLE2578605950,ole-marchant,OLE1231,Y
OLE2580002272,OLE2580002272,ole-locarrin,OLE3722,Y
OLE2580507812,OLE2580507812,ole-cmounts,OLE2863,Y
OLE2585603740,OLE2585603740,ole-mcbee,OLE2773,Y
OLE2588101919,OLE2588101919,ole-bbruner,OLE3631,Y
OLE2588908364,OLE2588908364,ole-anock,OLE2952,Y
OLE2591309555,OLE2591309555,ole-joholter,OLE2938,Y
OLE2591702869,OLE2591702869,ole-jojude,OLE2913,Y
OLE2595106260,OLE2595106260,ole-bomiddle,OLE3299,Y
OLE2595801199,OLE2595801199,ole-davila,OLE2880,Y
OLE2596106833,OLE2596106833,ole-jotingle,OLE3823,Y
OLE2598709220,OLE2598709220,ole-klechner,OLE3309,Y
OLE2599004561,OLE2599004561,ole-abays,OLE3391,Y
OLE2600805164,OLE2600805164,ole-cpgariba,OLE3939,Y
OLE2604400361,OLE2604400361,ole-hglover,OLE3525,Y
OLE2615105455,OLE2615105455,ole-ochaisso,OLE3867,Y
OLE2615708929,OLE2615708929,ole-jgerhart,OLE3809,Y
OLE2617807722,OLE2617807722,ole-dpshuck,OLE3866,Y
OLE2620008671,OLE2620008671,ole-gpbilly,OLE3216,Y
OLE2625401275,OLE2625401275,ole-hho,OLE3970,Y
OLE2635407255,OLE2635407255,ole-jppankey,OLE1309,Y
OLE2639502574,OLE2639502574,ole-dmackenz,OLE3586,Y
OLE2642509031,OLE2642509031,ole-gpfabriz,OLE2918,Y
OLE2645800726,OLE2645800726,ole-npsolis,OLE3055,Y
OLE2649901983,OLE2649901983,ole-jphanks,OLE3674,Y
OLE2656601272,OLE2656601272,ole-dpteague,OLE3973,Y
OLE2659604340,OLE2659604340,ole-wcorbitt,OLE2906,Y
OLE2660204297,OLE2660204297,ole-bptrudea,OLE3758,Y
OLE2661408831,OLE2661408831,ole-aphafner,OLE3746,Y
OLE2663206846,OLE2663206846,ole-mparmer,OLE3121,Y
OLE2664109901,OLE2664109901,ole-asine,OLE3687,Y
OLE2664406482,OLE2664406482,ole-lander,OLE2552,Y
OLE2670801721,OLE2670801721,ole-sthorne,OLE2974,Y
OLE2671604827,OLE2671604827,ole-tdenman,OLE3662,Y
OLE2675503231,OLE2675503231,ole-bpashwor,OLE3839,Y
OLE2675607147,OLE2675607147,ole-gphom,OLE2607,Y
OLE2676505139,OLE2676505139,ole-dpwesson,OLE3193,Y
OLE2681701139,OLE2681701139,ole-fmayes,OLE3513,Y
OLE2683109793,OLE2683109793,ole-anavarre,OLE3128,Y
OLE2683807863,OLE2683807863,ole-yon,OLE1080,Y
OLE2687501556,OLE2687501556,ole-wakins,OLE3126,Y
OLE2688805408,OLE2688805408,ole-apgallah,OLE3946,Y
OLE2689004273,OLE2689004273,ole-mbrogan,OLE3218,Y
OLE2691706557,OLE2691706557,ole-burress,OLE2794,Y
OLE2693000507,OLE2693000507,ole-acochran,OLE3455,Y
OLE2698204697,OLE2698204697,ole-rpcoggin,OLE3091,Y
OLE2701102442,OLE2701102442,ole-cqquarle,OLE3158,Y
OLE2701405642,OLE2701405642,ole-mwainwri,OLE2939,Y
OLE2708207895,OLE2708207895,ole-rliston,OLE3778,Y
OLE2709506479,OLE2709506479,ole-plindema,OLE3678,Y
OLE2717708169,OLE2717708169,ole-psanmigu,OLE3798,Y
OLE2717804241,OLE2717804241,ole-dqperron,OLE3862,Y
OLE2718700680,OLE2718700680,ole-csexton,OLE3587,Y
OLE2722306665,OLE2722306665,ole-rqbarrin,OLE3908,Y
OLE2722708015,OLE2722708015,ole-awilk,OLE3069,Y
OLE2724700273,OLE2724700273,ole-jlowe,OLE2975,Y
OLE2726706560,OLE2726706560,ole-jbrockin,OLE2953,Y
OLE2728703111,OLE2728703111,ole-pgalvez,OLE3163,Y
OLE2735008733,OLE2735008733,ole-jqhepbur,OLE3739,Y
OLE2735702616,OLE2735702616,ole-ralston,OLE1052,Y
OLE2736007574,OLE2736007574,ole-pqstalna,OLE2535,Y
OLE2740808468,OLE2740808468,ole-cqlakin,OLE3510,Y
OLE2741900332,OLE2741900332,ole-jqsharp,OLE1113,Y
OLE2744604637,OLE2744604637,ole-dqsills,OLE3399,Y
OLE2751600451,OLE2751600451,ole-brock,OLE2648,Y
OLE2753204360,OLE2753204360,ole-jqlauer,OLE2801,Y
OLE2754906885,OLE2754906885,ole-rqwoolar,OLE2534,Y
OLE2758708357,OLE2758708357,ole-xrippy,OLE1520,Y
OLE2766001893,OLE2766001893,ole-koenig,OLE2019,Y
OLE2766501199,OLE2766501199,ole-mdavila,OLE3923,Y
OLE2773000082,OLE2773000082,ole-hqcolema,OLE3691,Y
OLE2777801570,OLE2777801570,ole-dahl,OLE2284,Y
OLE2780707389,OLE2780707389,ole-ymichael,OLE2891,Y
OLE2783907167,OLE2783907167,ole-mbremer,OLE3652,Y
OLE2788101156,OLE2788101156,ole-bplummer,OLE3931,Y
OLE2790001875,OLE2790001875,ole-adowdy,OLE3017,Y
OLE2792204561,OLE2792204561,ole-obays,OLE3666,Y
OLE2798209582,OLE2798209582,ole-rdegroot,OLE3247,Y
OLE2802202597,OLE2802202597,ole-arturpin,OLE3423,Y
OLE2802508887,OLE2802508887,ole-mrrutkow,OLE4046,Y
OLE2811207565,OLE2811207565,ole-crviolet,OLE3294,Y
OLE2814003959,OLE2814003959,ole-blackwoo,OLE1074,Y
OLE2814801804,OLE2814801804,ole-tmyles,OLE3670,Y
OLE2815401389,OLE2815401389,ole-trrodrig,OLE3291,Y
OLE2817408084,OLE2817408084,ole-gavent,OLE3334,Y
OLE2820008053,OLE2820008053,ole-grhayash,OLE4004,Y
OLE2826600464,OLE2826600464,ole-brsparks,OLE2828,Y
OLE2827008884,OLE2827008884,ole-arsergen,OLE3310,Y
OLE2836802141,OLE2836802141,ole-galley,OLE2836,Y
OLE2839007760,OLE2839007760,ole-cdupless,OLE3498,Y
OLE2843302291,OLE2843302291,ole-erbundy,OLE3376,Y
OLE2845700356,OLE2845700356,ole-pmcgee,OLE3424,Y
OLE2853504613,OLE2853504613,ole-bbilodea,OLE3290,Y
OLE2855702943,OLE2855702943,ole-hbeckwit,OLE3333,Y
OLE2857103497,OLE2857103497,ole-brmcgrew,OLE3617,Y
OLE2857802003,OLE2857802003,ole-dresquiv,OLE3416,Y
OLE2858107175,OLE2858107175,ole-dtowner,OLE2787,Y
OLE2860009297,OLE2860009297,ole-qpickel,OLE2940,Y
OLE2862905828,OLE2862905828,ole-rrdicken,OLE3418,Y
OLE2865309548,OLE2865309548,ole-rkirkend,OLE3986,Y
OLE2868007063,OLE2868007063,ole-hrshuber,OLE3881,Y
OLE2871205128,OLE2871205128,ole-brgodsey,OLE3006,Y
OLE2873601030,OLE2873601030,ole-arholley,OLE3554,Y
OLE2885908053,OLE2885908053,ole-jhayashi,OLE2981,Y
OLE2891402154,OLE2891402154,ole-braviles,OLE3736,Y
OLE2892007462,OLE2892007462,ole-bpfister,OLE3751,Y
OLE2904700508,OLE2904700508,ole-cschase,OLE1056,Y
OLE2905401709,OLE2905401709,ole-aatwood,OLE3109,Y
OLE2905707168,OLE2905707168,ole-tboutte,OLE3479,Y
OLE2906405069,OLE2906405069,ole-butt,OLE2875,Y
OLE2909700894,OLE2909700894,ole-jsalford,OLE1441,Y
OLE2915209681,OLE2915209681,ole-jsickes,OLE2236,Y
OLE2918801999,OLE2918801999,ole-gsams,OLE3845,Y
OLE2929202535,OLE2929202535,ole-purdy,OLE2950,Y
OLE2930203477,OLE2930203477,ole-ssales,OLE2775,Y
OLE2932706840,OLE2932706840,ole-ssred,OLE3836,Y
OLE2935303709,OLE2935303709,ole-cholly,OLE2694,Y
OLE2937208570,OLE2937208570,ole-gshaugh,OLE3302,Y
OLE2937806342,OLE2937806342,ole-coreal,OLE1124,Y
OLE2943509237,OLE2943509237,ole-grindle,OLE1065,Y
OLE2950605083,OLE2950605083,ole-resorrel,OLE3738,Y
OLE2953707698,OLE2953707698,ole-bocanegr,OLE2593,Y
OLE2954107527,OLE2954107527,ole-msmarian,OLE2754,Y
OLE2960207362,OLE2960207362,ole-bsvice,OLE3322,Y
OLE2966509283,OLE2966509283,ole-mssiegfr,OLE3705,Y
OLE2971109038,OLE2971109038,ole-lidorton,OLE4012,Y
OLE2976808378,OLE2976808378,ole-dhowse,OLE3353,Y
OLE2982703845,OLE2982703845,ole-jstephen,OLE2827,Y
OLE2983601426,OLE2983601426,ole-smetcalf,OLE3119,Y
OLE2987604646,OLE2987604646,ole-hgragg,OLE4005,Y
OLE2988703413,OLE2988703413,ole-sibley,OLE2758,Y
OLE2997600421,OLE2997600421,ole-dssaunde,OLE2859,Y
OLE2999000040,OLE2999000040,ole-ascarter,OLE2766,Y
OLE2999103847,OLE2999103847,ole-wssmiths,OLE3068,Y
OLE3002005569,OLE3002005569,ole-bskiles,OLE2892,Y
OLE3012703100,OLE3012703100,ole-fsiler,OLE3626,Y
OLE3018504407,OLE3018504407,ole-vtantoin,OLE3496,Y
OLE3024607135,OLE3024607135,ole-ctpenton,OLE3565,Y
OLE3027305567,OLE3027305567,ole-jtterraz,OLE3974,Y
OLE3036403289,OLE3036403289,ole-wacuna,OLE1030,Y
OLE3058705294,OLE3058705294,ole-xstutzma,OLE1656,Y
OLE3060202670,OLE3060202670,ole-bcary,OLE3959,Y
OLE3063708933,OLE3063708933,ole-gforehan,OLE3810,Y
OLE3065204391,OLE3065204391,ole-leak,OLE2831,Y
OLE3072201870,OLE3072201870,ole-ktbergma,OLE3628,Y
OLE3072605934,OLE3072605934,ole-mtthorso,OLE3022,Y
OLE3075402167,OLE3075402167,ole-cburrows,OLE3085,Y
OLE3076500820,OLE3076500820,ole-drosario,OLE3618,Y
OLE3082302550,OLE3082302550,ole-ltquinta,OLE3110,Y
OLE3083208092,OLE3083208092,ole-dtwendel,OLE2989,Y
OLE3084506625,OLE3084506625,ole-fstrombe,OLE3063,Y
OLE3085007654,OLE3085007654,ole-rtpresne,OLE3709,Y
OLE3087001085,OLE3087001085,ole-dakers,OLE3807,Y
OLE3087305148,OLE3087305148,ole-ltporras,OLE3492,Y
OLE3091109681,OLE3091109681,ole-aickes,OLE3087,Y
OLE3093503932,OLE3093503932,ole-tthatche,OLE2832,Y
OLE3098006714,OLE3098006714,ole-jtbrockw,OLE2746,Y
OLE3099209224,OLE3099209224,ole-ftkratze,OLE3582,Y
OLE3101406141,OLE3101406141,ole-mvalverd,OLE3529,Y
OLE3102209996,OLE3102209996,ole-acalfee,OLE3726,Y
OLE3103108378,OLE3103108378,ole-fhowse,OLE3284,Y
OLE3105802010,OLE3105802010,ole-gsherril,OLE2757,Y
OLE3106006335,OLE3106006335,ole-satoy,OLE2977,Y
OLE3114503350,OLE3114503350,ole-fholloma,OLE3039,Y
OLE3127805179,OLE3127805179,ole-mstansbu,OLE3028,Y
OLE3132300262,OLE3132300262,ole-ddavidso,OLE3385,Y
OLE3135705171,OLE3135705171,ole-daycock,OLE3107,Y
OLE3138906213,OLE3138906213,ole-sumccraw,OLE3361,Y
OLE3153306089,OLE3153306089,ole-fcrossle,OLE3250,Y
OLE3158308097,OLE3158308097,ole-dthrift,OLE2910,Y
OLE3162503037,OLE3162503037,ole-pickard,OLE1062,Y
OLE3162908101,OLE3162908101,ole-rushows,OLE3581,Y
OLE3163207199,OLE3163207199,ole-mukoss,OLE1028,Y
OLE3166901050,OLE3166901050,ole-rulake,OLE3676,Y
OLE3170902843,OLE3170902843,ole-ducanfie,OLE3765,Y
OLE3172909967,OLE3172909967,ole-lfutch,OLE3303,Y
OLE3173704814,OLE3173704814,ole-wustonge,OLE3888,Y
OLE3184309620,OLE3184309620,ole-atims,OLE3837,Y
OLE3184509630,OLE3184509630,ole-fsly,OLE3175,Y
OLE3185208201,OLE3185208201,ole-mfunkhou,OLE3249,Y
OLE3209904483,OLE3209904483,ole-jvthames,OLE3057,Y
OLE3216002071,OLE3216002071,ole-lvbarger,OLE1009,Y
OLE3229901916,OLE3229901916,ole-fmayberr,OLE3658,Y
OLE3232007851,OLE3232007851,ole-lvcater,OLE3775,Y
OLE3235207704,OLE3235207704,ole-avalbin,OLE3756,Y
OLE3236001621,OLE3236001621,ole-pegan,OLE3857,Y
OLE3236004643,OLE3236004643,ole-pvmcdoug,OLE3995,Y
OLE3236104556,OLE3236104556,ole-avjankow,OLE3074,Y
OLE3236804114,OLE3236804114,ole-gfrick,OLE3767,Y
OLE3237001729,OLE3237001729,ole-fduvall,OLE3186,Y
OLE3239505891,OLE3239505891,ole-dvalmara,OLE3657,Y
OLE3240207955,OLE3240207955,ole-wmcmurry,OLE3065,Y
OLE3241801877,OLE3241801877,ole-ghuynh,OLE2988,Y
OLE3242403876,OLE3242403876,ole-dvloving,OLE2864,Y
OLE3246604444,OLE3246604444,ole-dlindstr,OLE3757,Y
OLE3247002806,OLE3247002806,ole-avnoyes,OLE2930,Y
OLE3249006281,OLE3249006281,ole-evbill,OLE3787,Y
OLE3252309588,OLE3252309588,ole-lvclinks,OLE1035,Y
OLE3257204727,OLE3257204727,ole-evforest,OLE3910,Y
OLE3262902893,OLE3262902893,ole-rhoyle,OLE3653,Y
OLE3264700400,OLE3264700400,ole-dcobb,OLE2958,Y
OLE3270009216,OLE3270009216,ole-dmatte,OLE3362,Y
OLE3271906388,OLE3271906388,ole-somara,OLE3023,Y
OLE3275401107,OLE3275401107,ole-cvsincla,OLE1146,Y
OLE3278308927,OLE3278308927,ole-gouge,OLE2744,Y
OLE3279007141,OLE3279007141,ole-maloy,OLE2606,Y
OLE3283707808,OLE3283707808,ole-svoxley,OLE1423,Y
OLE3285900998,OLE3285900998,ole-jwhitley,OLE3844,Y
OLE3290302393,OLE3290302393,ole-norourke,OLE3590,Y
OLE3296303933,OLE3296303933,ole-tvhass,OLE3761,Y
OLE3296604185,OLE3296604185,ole-nvillase,OLE2959,Y
OLE3302806400,OLE3302806400,ole-jwhagans,OLE4027,Y
OLE3303508289,OLE3303508289,ole-awhuck,OLE3051,Y
OLE3306705802,OLE3306705802,ole-bwsuzuki,OLE3815,Y
OLE3311909675,OLE3311909675,ole-tkinslow,OLE3331,Y
OLE3312302137,OLE3312302137,ole-lwring,OLE3655,Y
OLE3312503232,OLE3312503232,ole-albertso,OLE1361,Y
OLE3316807128,OLE3316807128,ole-lwshults,OLE3434,Y
OLE3316900091,OLE3316900091,ole-awbutler,OLE3540,Y
OLE3317806328,OLE3317806328,ole-dwcasare,OLE3380,Y
OLE3322109259,OLE3322109259,ole-rwbussar,OLE3567,Y
OLE3324503879,OLE3324503879,ole-lwhumes,OLE3293,Y
OLE3326404888,OLE3326404888,ole-wsoileau,OLE1039,Y
OLE3328902578,OLE3328902578,ole-segaithe,OLE3435,Y
OLE3334505644,OLE3334505644,ole-rwstowel,OLE3441,Y
OLE3335500105,OLE3335500105,ole-masulliv,OLE3577,Y
OLE3339401230,OLE3339401230,ole-wroe,OLE3208,Y
OLE3344009440,OLE3344009440,ole-cwhouseh,OLE3734,Y
OLE3344600883,OLE3344600883,ole-alston,OLE2765,Y
OLE3356000660,OLE3356000660,ole-ewhurst,OLE3575,Y
OLE3366605276,OLE3366605276,ole-hweubank,OLE1008,Y
OLE3367504366,OLE3367504366,ole-espino,OLE2053,Y
OLE3372102879,OLE3372102879,ole-dfogle,OLE4023,Y
OLE3372600016,OLE3372600016,ole-mwmartin,OLE1053,Y
OLE3373403412,OLE3373403412,ole-kstaten,OLE2890,Y
OLE3374304397,OLE3374304397,ole-eagle,OLE1024,Y
OLE3377209434,OLE3377209434,ole-skephart,OLE3262,Y
OLE3379807602,OLE3379807602,ole-rjaworsk,OLE3090,Y
OLE3380509089,OLE3380509089,ole-crudnick,OLE3354,Y
OLE3381303865,OLE3381303865,ole-mwarriag,OLE3566,Y
OLE3383108331,OLE3383108331,ole-awyun,OLE3918,Y
OLE3386606059,OLE3386606059,ole-sterner,OLE1019,Y
OLE3394506378,OLE3394506378,ole-steven,OLE4044,Y
OLE3395606968,OLE3395606968,ole-dgerhard,OLE3092,Y
OLE3396200491,OLE3396200491,ole-fcollier,OLE3895,Y
OLE3397100787,OLE3397100787,ole-lcantu,OLE2747,Y
OLE3402005199,OLE3402005199,ole-bxdenis,OLE3855,Y
OLE3402407949,OLE3402407949,ole-jxnapoli,OLE2602,Y
OLE3406900727,OLE3406900727,ole-axherman,OLE3512,Y
OLE3409204973,OLE3409204973,ole-sxdagost,OLE3989,Y
OLE3414509376,OLE3414509376,ole-fwillhit,OLE3120,Y
OLE3414606406,OLE3414606406,ole-mchou,OLE3519,Y
OLE3417804797,OLE3417804797,ole-dephilip,OLE3748,Y
OLE3420502200,OLE3420502200,ole-axdent,OLE2933,Y
OLE3420506415,OLE3420506415,ole-axwitter,OLE2802,Y
OLE3421900658,OLE3421900658,ole-bfarrell,OLE3151,Y
OLE3424308580,OLE3424308580,ole-dxdevane,OLE1033,Y
OLE3427200580,OLE3427200580,ole-shields,OLE1044,Y
OLE3428005487,OLE3428005487,ole-wjohnsto,OLE3370,Y
OLE3428204097,OLE3428204097,ole-creamer,OLE1861,Y
OLE3428508900,OLE3428508900,ole-mxnuss,OLE4029,Y
OLE3428900121,OLE3428900121,ole-sxgomez,OLE3356,Y
OLE3432106365,OLE3432106365,ole-hfore,OLE3100,Y
OLE3433602266,OLE3433602266,ole-cxcarnes,OLE2631,Y
OLE3439809008,OLE3439809008,ole-rleduc,OLE3339,Y
OLE3445505002,OLE3445505002,ole-rharrels,OLE3696,Y
OLE3447804275,OLE3447804275,ole-txwilmot,OLE3485,Y
OLE3454106039,OLE3454106039,ole-mgamache,OLE3702,Y
OLE3458300078,OLE3458300078,ole-dwood,OLE2792,Y
OLE3463501705,OLE3463501705,ole-ixdugan,OLE3697,Y
OLE3465301554,OLE3465301554,ole-rxhaskin,OLE3822,Y
OLE3471002056,OLE3471002056,ole-axfugate,OLE3968,Y
OLE3471003858,OLE3471003858,ole-amayhew,OLE3053,Y
OLE3474206166,OLE3474206166,ole-lmellon,OLE2921,Y
OLE3474208965,OLE3474208965,ole-lxbiller,OLE1066,Y
OLE3480207161,OLE3480207161,ole-exdana,OLE4001,Y
OLE3483409286,OLE3483409286,ole-savino,OLE2788,Y
OLE3489706142,OLE3489706142,ole-valdivia,OLE1089,Y
OLE3491306639,OLE3491306639,ole-jlandero,OLE3070,Y
OLE3492904444,OLE3492904444,ole-bxlindst,OLE3602,Y
OLE3501703237,OLE3501703237,ole-kytyree,OLE4018,Y
OLE3504508872,OLE3504508872,ole-dytruebl,OLE3206,Y
OLE3505700757,OLE3505700757,ole-tmcmilla,OLE3471,Y
OLE3506305224,OLE3506305224,ole-lmeraz,OLE3079,Y
OLE3506402959,OLE3506402959,ole-majors,OLE1004,Y
OLE3514105019,OLE3514105019,ole-aysolori,OLE3876,Y
OLE3516904968,OLE3516904968,ole-ayharget,OLE3971,Y
OLE3516907290,OLE3516907290,ole-carvajal,OLE1100,Y
OLE3518107121,OLE3518107121,ole-stanfill,OLE2899,Y
OLE3526803109,OLE3526803109,ole-charlan,OLE3229,Y
OLE3527803486,OLE3527803486,ole-mfong,OLE3659,Y
OLE3541802074,OLE3541802074,ole-gyelias,OLE3058,Y
OLE3545207632,OLE3545207632,ole-eyalva,OLE3725,Y
OLE3546008326,OLE3546008326,ole-pyblades,OLE2811,Y
OLE3552808023,OLE3552808023,ole-eystaats,OLE4022,Y
OLE3554107164,OLE3554107164,ole-myconwel,OLE3142,Y
OLE3554803363,OLE3554803363,ole-dmarquis,OLE3395,Y
OLE3563109098,OLE3563109098,ole-rparada,OLE3580,Y
OLE3563401063,OLE3563401063,ole-jamison,OLE1085,Y
OLE3567107587,OLE3567107587,ole-nymontel,OLE3665,Y
OLE3567502882,OLE3567502882,ole-qpence,OLE2858,Y
OLE3570803537,OLE3570803537,ole-sregiste,OLE3116,Y
OLE3572801924,OLE3572801924,ole-myleary,OLE3295,Y
OLE3577005213,OLE3577005213,ole-bywomble,OLE3222,Y
OLE3584609748,OLE3584609748,ole-tyashbau,OLE3386,Y
OLE3589506178,OLE3589506178,ole-haynie,OLE2771,Y
OLE3593407588,OLE3593407588,ole-tymelnic,OLE3791,Y
OLE3596609575,OLE3596609575,ole-flesher,OLE1069,Y
OLE3597903619,OLE3597903619,ole-mbelton,OLE3706,Y
OLE3599704520,OLE3599704520,ole-wyalfred,OLE4007,Y
OLE3600407439,OLE3600407439,ole-mayotte,OLE2871,Y
OLE3601403206,OLE3601403206,ole-moffitt,OLE1117,Y
OLE3606307807,OLE3606307807,ole-lzperdom,OLE3607,Y
OLE3608607904,OLE3608607904,ole-egorton,OLE2847,Y
OLE3608700794,OLE3608700794,ole-pzbentle,OLE3086,Y
OLE3610405811,OLE3610405811,ole-lznewson,OLE3089,Y
OLE3611800101,OLE3611800101,ole-myers,OLE2646,Y
OLE3613806482,OLE3613806482,ole-tlander,OLE3097,Y
OLE3616406417,OLE3616406417,ole-wtolenti,OLE3209,Y
OLE3620801617,OLE3620801617,ole-lzham,OLE3482,Y
OLE3622007882,OLE3622007882,ole-gnightin,OLE3027,Y
OLE3629509166,OLE3629509166,ole-rzalvis,OLE2856,Y
OLE3639507871,OLE3639507871,ole-dzsherwi,OLE2915,Y
OLE3642904880,OLE3642904880,ole-cottle,OLE1676,Y
OLE3644105427,OLE3644105427,ole-tzwestco,OLE2751,Y
OLE3645101596,OLE3645101596,ole-azcody,OLE3699,Y
OLE3645307585,OLE3645307585,ole-bpalladi,OLE1054,Y
OLE3649600016,OLE3649600016,ole-emartin,OLE1099,Y
OLE3651402735,OLE3651402735,ole-lmilam,OLE3214,Y
OLE3653901689,OLE3653901689,ole-rhackett,OLE3450,Y
OLE3662109584,OLE3662109584,ole-dzcrowl,OLE3978,Y
OLE3666809498,OLE3666809498,ole-bswallow,OLE3572,Y
OLE3670600494,OLE3670600494,ole-mcguire,OLE2841,Y
OLE3673205053,OLE3673205053,ole-czleech,OLE3568,Y
OLE3674600205,OLE3674600205,ole-mzcarr,OLE3328,Y
OLE3679505261,OLE3679505261,ole-gpickle,OLE3123,Y
OLE3681205703,OLE3681205703,ole-rlheureu,OLE3664,Y
OLE3682507451,OLE3682507451,ole-rzstotts,OLE3345,Y
OLE3686309824,OLE3686309824,ole-ezhoyos,OLE3264,Y
OLE3687005124,OLE3687005124,ole-dzhotchk,OLE3755,Y
OLE3687302674,OLE3687302674,ole-lzrobins,OLE2651,Y
OLE3691001925,OLE3691001925,ole-hutton,OLE1165,Y
OLE3691201748,OLE3691201748,ole-lstaton,OLE3663,Y
OLE3695405816,OLE3695405816,ole-ozmalave,OLE3713,Y
OLE3696203424,OLE3696203424,ole-fcooks,OLE3306,Y
OLE3701402014,OLE3701402014,ole-baedmond,OLE3649,Y
OLE3705304927,OLE3705304927,ole-mcgough,OLE2657,Y
OLE3709601315,OLE3709601315,ole-datomlin,OLE2963,Y
OLE3712704766,OLE3712704766,ole-eseale,OLE3677,Y
OLE3716609036,OLE3716609036,ole-leaddy,OLE3152,Y
OLE3723004024,OLE3723004024,ole-jahoman,OLE3320,Y
OLE3728902353,OLE3728902353,ole-vagaskin,OLE2964,Y
OLE3729104499,OLE3729104499,ole-taguess,OLE3988,Y
OLE3730600771,OLE3730600771,ole-mbarry,OLE2972,Y
OLE3736602747,OLE3736602747,ole-noland,OLE1067,Y
OLE3736906932,OLE3736906932,ole-berkley,OLE2753,Y
OLE3738303291,OLE3738303291,ole-easigler,OLE1095,Y
OLE3744107105,OLE3744107105,ole-saburdin,OLE3640,Y
OLE3746100822,OLE3746100822,ole-cstout,OLE3275,Y
OLE3749301116,OLE3749301116,ole-mastarr,OLE3956,Y
OLE3756607704,OLE3756607704,ole-caalbin,OLE3692,Y
OLE3759708455,OLE3759708455,ole-samontei,OLE3874,Y
OLE3760709409,OLE3760709409,ole-bapesce,OLE3637,Y
OLE3767304426,OLE3767304426,ole-scowles,OLE3958,Y
OLE3771303577,OLE3771303577,ole-rginn,OLE3220,Y
OLE3771403079,OLE3771403079,ole-vputman,OLE3047,Y
OLE3776005327,OLE3776005327,ole-shoemake,OLE2695,Y
OLE3784207466,OLE3784207466,ole-daparadi,OLE3992,Y
OLE3787609893,OLE3787609893,ole-easwart,OLE3225,Y
OLE3792801722,OLE3792801722,ole-bynum,OLE2816,Y
OLE3795206649,OLE3795206649,ole-gailey,OLE1625,Y
OLE3803402449,OLE3803402449,ole-raiken,OLE1705,Y
OLE3805505298,OLE3805505298,ole-dbpilkin,OLE3135,Y
OLE3808900136,OLE3808900136,ole-jmorales,OLE3369,Y
OLE3826400961,OLE3826400961,ole-gfinch,OLE3902,Y
OLE3826406131,OLE3826406131,ole-cravens,OLE1111,Y
OLE3830700232,OLE3830700232,ole-sreid,OLE3389,Y
OLE3831904949,OLE3831904949,ole-banner,OLE2588,Y
OLE3846208193,OLE3846208193,ole-dherod,OLE3059,Y
OLE3849809601,OLE3849809601,ole-jbbitner,OLE3402,Y
OLE3851306848,OLE3851306848,ole-apare,OLE2956,Y
OLE3851402102,OLE3851402102,ole-frly,OLE3159,Y
OLE3852804492,OLE3852804492,ole-cbmarcha,OLE3704,Y
OLE3862706178,OLE3862706178,ole-ghaynie,OLE3955,Y
OLE3870804190,OLE3870804190,ole-lshore,OLE3265,Y
OLE3872108083,OLE3872108083,ole-rbaillar,OLE3771,Y
OLE3876307842,OLE3876307842,ole-dunson,OLE1064,Y
OLE3879106523,OLE3879106523,ole-rringer,OLE3432,Y
OLE3880605325,OLE3880605325,ole-nbtetrea,OLE3427,Y
OLE3882609863,OLE3882609863,ole-rboyes,OLE3185,Y
OLE3889504703,OLE3889504703,ole-jaraujo,OLE3468,Y
OLE3892107556,OLE3892107556,ole-kbaubin,OLE3324,Y
OLE3895100501,OLE3895100501,ole-kbwilcox,OLE4045,Y
OLE3898405507,OLE3898405507,ole-byler,OLE1011,Y
OLE3903903307,OLE3903903307,ole-dcmercie,OLE3975,Y
OLE3907601072,OLE3907601072,ole-idailey,OLE3605,Y
OLE3908907565,OLE3908907565,ole-jviolett,OLE3428,Y
OLE3909303174,OLE3909303174,ole-pcpeek,OLE3779,Y
OLE3909803874,OLE3909803874,ole-lcmccaff,OLE3377,Y
OLE3909900391,OLE3909900391,ole-ehodges,OLE2935,Y
OLE3910806448,OLE3910806448,ole-tcolucci,OLE3559,Y
OLE3918606779,OLE3918606779,ole-hutter,OLE3532,Y
OLE3919002203,OLE3919002203,ole-ypeachey,OLE2566,Y
OLE3925405955,OLE3925405955,ole-infante,OLE1143,Y
OLE3933407724,OLE3933407724,ole-mschram,OLE3508,Y
OLE3933904788,OLE3933904788,ole-scboyett,OLE3636,Y
OLE3935505190,OLE3935505190,ole-kclarrab,OLE2550,Y
OLE3936306076,OLE3936306076,ole-jckahler,OLE1010,Y
OLE3939002115,OLE3939002115,ole-flaherty,OLE1027,Y
OLE3940305045,OLE3940305045,ole-kereel,OLE3786,Y
OLE3949401795,OLE3949401795,ole-ocmcnall,OLE3139,Y
OLE3953901363,OLE3953901363,ole-tmcclend,OLE3012,Y
OLE3954101482,OLE3954101482,ole-egleason,OLE3292,Y
OLE3962607660,OLE3962607660,ole-lnevins,OLE3260,Y
OLE3962709804,OLE3962709804,ole-mariani,OLE2549,Y
OLE3973007125,OLE3973007125,ole-ncsipple,OLE3327,Y
OLE3973303170,OLE3973303170,ole-taranda,OLE3160,Y
OLE3998400688,OLE3998400688,ole-echouse,OLE2970,Y
OLE4004609468,OLE4004609468,ole-cdbookma,OLE3118,Y
OLE4012108265,OLE4012108265,ole-joneves,OLE3230,Y
OLE4021000393,OLE4021000393,ole-econner,OLE3392,Y
OLE4025604325,OLE4025604325,ole-maramsay,OLE3863,Y
OLE4025604960,OLE4025604960,ole-michels,OLE1072,Y
OLE4032804674,OLE4032804674,ole-chew,OLE1003,Y
OLE4034202067,OLE4034202067,ole-kregan,OLE3551,Y
OLE4035300327,OLE4035300327,ole-fdramsey,OLE2612,Y
OLE4039709776,OLE4039709776,ole-bruben,OLE3084,Y
OLE4040409372,OLE4040409372,ole-jdyim,OLE3689,Y
OLE4040902117,OLE4040902117,ole-eddoe,OLE3452,Y
OLE4041902980,OLE4041902980,ole-pthigpen,OLE2962,Y
OLE4042509785,OLE4042509785,ole-ddpetree,OLE3279,Y
OLE4043300972,OLE4043300972,ole-mdbird,OLE1063,Y
OLE4052406505,OLE4052406505,ole-abolding,OLE2852,Y
OLE4053303316,OLE4053303316,ole-schapin,OLE4020,Y
OLE4054108339,OLE4054108339,ole-edtrexle,OLE3329,Y
OLE4054206419,OLE4054206419,ole-fstgerma,OLE3212,Y
OLE4059803771,OLE4059803771,ole-rgorham,OLE3014,Y
OLE4068002838,OLE4068002838,ole-schulte,OLE1031,Y
OLE4068005169,OLE4068005169,ole-mdbotell,OLE2934,Y
OLE4069204088,OLE4069204088,ole-dkunz,OLE3224,Y
OLE4071101475,OLE4071101475,ole-sblackmo,OLE3909,Y
OLE4071904043,OLE4071904043,ole-lmeacham,OLE3184,Y
OLE4072802651,OLE4072802651,ole-gdaquino,OLE3953,Y
OLE4075208273,OLE4075208273,ole-dmarti,OLE3215,Y
OLE4076302016,OLE4076302016,ole-adcronin,OLE3557,Y
OLE4077903148,OLE4077903148,ole-edchrist,OLE3462,Y
OLE4085808804,OLE4085808804,ole-ooxendin,OLE3873,Y
OLE4089203889,OLE4089203889,ole-adtyner,OLE3715,Y
OLE4090002966,OLE4090002966,ole-adblocke,OLE3300,Y
OLE4095608269,OLE4095608269,ole-lmichala,OLE3064,Y
OLE4097008161,OLE4097008161,ole-stricker,OLE2911,Y
OLE4102006775,OLE4102006775,ole-shzamudi,OLE3596,Y
OLE4113408611,OLE4113408611,ole-eesimas,OLE4011,Y
OLE4119106569,OLE4119106569,ole-jeeyoho,OLE3169,Y
OLE4120805311,OLE4120805311,ole-lufelker,OLE3197,Y
OLE4124805803,OLE4124805803,ole-cstandle,OLE3894,Y
OLE4133402071,OLE4133402071,ole-mebarger,OLE3804,Y
OLE4135900674,OLE4135900674,ole-vgentry,OLE3505,Y
OLE4135906990,OLE4135906990,ole-veaveril,OLE3629,Y
OLE4140303208,OLE4140303208,ole-keknudse,OLE1088,Y
OLE4146202628,OLE4146202628,ole-demotley,OLE2830,Y
OLE4154408215,OLE4154408215,ole-tburkes,OLE2985,Y
OLE4156108398,OLE4156108398,ole-ieakins,OLE3141,Y
OLE4156403438,OLE4156403438,ole-cferraro,OLE2814,Y
OLE4159407077,OLE4159407077,ole-hemanion,OLE3907,Y
OLE4160100413,OLE4160100413,ole-msandova,OLE3246,Y
OLE4161502293,OLE4161502293,ole-jeskelto,OLE3942,Y
OLE4161901639,OLE4161901639,ole-abeal,OLE2905,Y
OLE4178502080,OLE4178502080,ole-zepeda,OLE2409,Y
OLE4179703037,OLE4179703037,ole-aepickar,OLE2883,Y
OLE4182202259,OLE4182202259,ole-megann,OLE2983,Y
OLE4182800995,OLE4182800995,ole-knowles,OLE2804,Y
OLE4186206504,OLE4186206504,ole-brodeur,OLE2377,Y
OLE4186602347,OLE4186602347,ole-ayancey,OLE3029,Y
OLE4189006519,OLE4189006519,ole-mescanla,OLE3190,Y
OLE4189500212,OLE4189500212,ole-jrichard,OLE2750,Y
OLE4189509424,OLE4189509424,ole-jemarron,OLE3570,Y
OLE4191101345,OLE4191101345,ole-lmuller,OLE3191,Y
OLE4192500130,OLE4192500130,ole-mehunter,OLE4019,Y
OLE4205208566,OLE4205208566,ole-jisley,OLE1603,Y
OLE4205601851,OLE4205601851,ole-gbellamy,OLE2932,Y
OLE4207803670,OLE4207803670,ole-copley,OLE1556,Y
OLE4212109427,OLE4212109427,ole-jflingen,OLE3054,Y
OLE4212400813,OLE4212400813,ole-case,OLE2791,Y
OLE4215903770,OLE4215903770,ole-jholguin,OLE3357,Y
OLE4217300016,OLE4217300016,ole-martin,OLE1018,Y
OLE4219606069,OLE4219606069,ole-amccandl,OLE3033,Y
OLE4221904096,OLE4221904096,ole-durr,OLE1586,Y
OLE4222102340,OLE4222102340,ole-bfmonk,OLE3708,Y
OLE4226103092,OLE4226103092,ole-dfmcfarl,OLE3796,Y
OLE4229402365,OLE4229402365,ole-sfserna,OLE3174,Y
OLE4232205284,OLE4232205284,ole-sabrothe,OLE2812,Y
OLE4242504968,OLE4242504968,ole-dfharget,OLE3817,Y
OLE4244207032,OLE4244207032,ole-efflory,OLE4021,Y
OLE4249202839,OLE4249202839,ole-egilley,OLE3784,Y
OLE4253800242,OLE4253800242,ole-kffrazie,OLE3344,Y
OLE4261500338,OLE4261500338,ole-jfbaldwi,OLE3475,Y
OLE4263602369,OLE4263602369,ole-jdiehl,OLE2973,Y
OLE4263702699,OLE4263702699,ole-jfsledge,OLE3560,Y
OLE4266401961,OLE4266401961,ole-sdoran,OLE2866,Y
OLE4267003682,OLE4267003682,ole-lsamples,OLE1870,Y
OLE4269702290,OLE4269702290,ole-ichance,OLE4016,Y
OLE4272005744,OLE4272005744,ole-bfgott,OLE3897,Y
OLE4273503988,OLE4273503988,ole-hsalley,OLE3685,Y
OLE4277405545,OLE4277405545,ole-bgroom,OLE3928,Y
OLE4278406062,OLE4278406062,ole-mriojas,OLE3282,Y
OLE4279703397,OLE4279703397,ole-afbeers,OLE3717,Y
OLE4282802442,OLE4282802442,ole-kquarles,OLE2845,Y
OLE4284003768,OLE4284003768,ole-ckee,OLE3171,Y
OLE4287502068,OLE4287502068,ole-jfaust,OLE2925,Y
OLE4291201206,OLE4291201206,ole-copagan,OLE3830,Y
OLE4292804925,OLE4292804925,ole-hfmonten,OLE1112,Y
OLE4294206573,OLE4294206573,ole-bfthoma,OLE4006,Y
OLE4295400514,OLE4295400514,ole-mfsawyer,OLE3219,Y
OLE4312006998,OLE4312006998,ole-sgturnbo,OLE2389,Y
OLE4318506633,OLE4318506633,ole-rorenfro,OLE3146,Y
OLE4321004623,OLE4321004623,ole-equillen,OLE3400,Y
OLE4322103093,OLE4322103093,ole-bglamm,OLE3364,Y
OLE4323104089,OLE4323104089,ole-ggkohl,OLE3899,Y
OLE4325800307,OLE4325800307,ole-mgdawson,OLE3429,Y
OLE4326006416,OLE4326006416,ole-cunruh,OLE3242,Y
OLE4329502868,OLE4329502868,ole-dgparent,OLE3712,Y
OLE4330107570,OLE4330107570,ole-swarey,OLE1747,Y
OLE4332503265,OLE4332503265,ole-icounts,OLE3451,Y
OLE4333007056,OLE4333007056,ole-mgtull,OLE4028,Y
OLE4336803918,OLE4336803918,ole-wcaro,OLE2833,Y
OLE4342508112,OLE4342508112,ole-dolander,OLE3196,Y
OLE4343806132,OLE4343806132,ole-egclaypo,OLE3826,Y
OLE4350907623,OLE4350907623,ole-bgcaddel,OLE3856,Y
OLE4353101579,OLE4353101579,ole-rgromano,OLE3930,Y
OLE4353301119,OLE4353301119,ole-shasting,OLE3176,Y
OLE4362002859,OLE4362002859,ole-reynoso,OLE2769,Y
OLE4362904431,OLE4362904431,ole-kashmore,OLE3494,Y
OLE4372401049,OLE4372401049,ole-nsmart,OLE3473,Y
OLE4373500652,OLE4373500652,ole-hprince,OLE3684,Y
OLE4374009622,OLE4374009622,ole-egthach,OLE3493,Y
OLE4385708213,OLE4385708213,ole-egcastan,OLE3131,Y
OLE4394206018,OLE4394206018,ole-bgrosebe,OLE3635,Y
OLE4406304317,OLE4406304317,ole-ahbozema,OLE3750,Y
OLE4406700111,OLE4406700111,ole-khowens,OLE1048,Y
OLE4416103774,OLE4416103774,ole-gblanche,OLE3647,Y
OLE4425301537,OLE4425301537,ole-tsylvest,OLE3166,Y
OLE4425901434,OLE4425901434,ole-deal,OLE3021,Y
OLE4426706986,OLE4426706986,ole-mhbesset,OLE3406,Y
OLE4429103949,OLE4429103949,ole-thkirchn,OLE3516,Y
OLE4430604374,OLE4430604374,ole-mhtotten,OLE3641,Y
OLE4430909233,OLE4430909233,ole-hersh,OLE1125,Y
OLE4431400488,OLE4431400488,ole-underwoo,OLE1007,Y
OLE4440008197,OLE4440008197,ole-bhhallow,OLE3800,Y
OLE4443702936,OLE4443702936,ole-chbarbos,OLE3307,Y
OLE4445203670,OLE4445203670,ole-kcopley,OLE4024,Y
OLE4446301330,OLE4446301330,ole-sdunham,OLE3595,Y
OLE4450801341,OLE4450801341,ole-lhbrantl,OLE3727,Y
OLE4452809121,OLE4452809121,ole-chine,OLE3592,Y
OLE4463509160,OLE4463509160,ole-mblakesl,OLE3538,Y
OLE4464505705,OLE4464505705,ole-bkimura,OLE3730,Y
OLE4464505768,OLE4464505768,ole-bhritz,OLE3793,Y
OLE4465100463,OLE4465100463,ole-fabbott,OLE3788,Y
OLE4467206940,OLE4467206940,ole-wilmot,OLE2786,Y
OLE4468002387,OLE4468002387,ole-mhclouti,OLE3772,Y
OLE4468200913,OLE4468200913,ole-lsnider,OLE3521,Y
OLE4471904949,OLE4471904949,ole-lbanner,OLE3643,Y
OLE4478701305,OLE4478701305,ole-sdobson,OLE2850,Y
OLE4480500230,OLE4480500230,ole-thgeorge,OLE3901,Y
OLE4483606887,OLE4483606887,ole-chwasser,OLE3573,Y
OLE4491205463,OLE4491205463,ole-chbayles,OLE1020,Y
OLE4495804544,OLE4495804544,ole-ghstott,OLE3564,Y
OLE4496100083,OLE4496100083,ole-mjenkins,OLE3805,Y
OLE4502901718,OLE4502901718,ole-aieddy,OLE3880,Y
OLE4505504841,OLE4505504841,ole-dskeen,OLE2879,Y
OLE4507204997,OLE4507204997,ole-tijarman,OLE4009,Y
OLE4511501672,OLE4511501672,ole-waldrich,OLE3891,Y
OLE4512803108,OLE4512803108,ole-mihulsey,OLE3269,Y
OLE4516501293,OLE4516501293,ole-lbowden,OLE2924,Y
OLE4521601311,OLE4521601311,ole-nfink,OLE3966,Y
OLE4526900367,OLE4526900367,ole-cinewton,OLE3237,Y
OLE4532607382,OLE4532607382,ole-eiolguin,OLE3187,Y
OLE4534802023,OLE4534802023,ole-yryder,OLE3167,Y
OLE4542109603,OLE4542109603,ole-mbaranow,OLE2752,Y
OLE4542806317,OLE4542806317,ole-ghatten,OLE2902,Y
OLE4544305351,OLE4544305351,ole-boardman,OLE1168,Y
OLE4545405888,OLE4545405888,ole-tboykins,OLE2992,Y
OLE4553801458,OLE4553801458,ole-ksalgado,OLE2987,Y
OLE4554109655,OLE4554109655,ole-epeiffer,OLE2982,Y
OLE4557803500,OLE4557803500,ole-tforsyth,OLE3252,Y
OLE4574006458,OLE4574006458,ole-winder,OLE1114,Y
OLE4576403588,OLE4576403588,ole-aikingsl,OLE3261,Y
OLE4578008779,OLE4578008779,ole-kvaldovi,OLE3583,Y
OLE4588109316,OLE4588109316,ole-ailamkin,OLE3686,Y
OLE4592004673,OLE4592004673,ole-wdodds,OLE3326,Y
OLE4593308735,OLE4593308735,ole-jiharrol,OLE3851,Y
OLE4597402875,OLE4597402875,ole-flomax,OLE2942,Y
OLE4598205605,OLE4598205605,ole-vipeabod,OLE3411,Y
OLE4602809661,OLE4602809661,ole-cjmillet,OLE3352,Y
OLE4603101752,OLE4603101752,ole-boakley,OLE3372,Y
OLE4603208276,OLE4603208276,ole-lindholm,OLE1058,Y
OLE4603307167,OLE4603307167,ole-bremer,OLE2075,Y
OLE4603906716,OLE4603906716,ole-djbinion,OLE3200,Y
OLE4606404377,OLE4606404377,ole-jujstitt,OLE2785,Y
OLE4612702337,OLE4612702337,ole-ejsnodgr,OLE2533,Y
OLE4612702489,OLE4612702489,ole-esisk,OLE3460,Y
OLE4615400247,OLE4615400247,ole-mmoreno,OLE3075,Y
OLE4618004070,OLE4618004070,ole-ives,OLE1092,Y
OLE4628208351,OLE4628208351,ole-jseavey,OLE2846,Y
OLE4636809178,OLE4636809178,ole-wthelen,OLE3366,Y
OLE4640605151,OLE4640605151,ole-rloucks,OLE3155,Y
OLE4642409981,OLE4642409981,ole-ajeckard,OLE3905,Y
OLE4649606358,OLE4649606358,ole-tjkoller,OLE3667,Y
OLE4655304196,OLE4655304196,ole-ejloftin,OLE2793,Y
OLE4655607592,OLE4655607592,ole-imccollo,OLE3445,Y
OLE4656208921,OLE4656208921,ole-ihedden,OLE2748,Y
OLE4657500196,OLE4657500196,ole-cjaustin,OLE3111,Y
OLE4660302992,OLE4660302992,ole-aolivas,OLE3381,Y
OLE4663701472,OLE4663701472,ole-jjmelvin,OLE3046,Y
OLE4664304215,OLE4664304215,ole-chsisco,OLE2789,Y
OLE4667608469,OLE4667608469,ole-mjlaguna,OLE3625,Y
OLE4670302271,OLE4670302271,ole-mjirizar,OLE3244,Y
OLE4672105003,OLE4672105003,ole-rhambric,OLE3645,Y
OLE4676801285,OLE4676801285,ole-nkaiser,OLE3019,Y
OLE4679609155,OLE4679609155,ole-cjbrazie,OLE3872,Y
OLE4684100678,OLE4684100678,ole-ljlara,OLE3148,Y
OLE4685602389,OLE4685602389,ole-kjcastel,OLE3927,Y
OLE4686103344,OLE4686103344,ole-mjpond,OLE1026,Y
OLE4693407610,OLE4693407610,ole-jjgordy,OLE3192,Y
OLE4694201847,OLE4694201847,ole-bjlight,OLE3914,Y
OLE4698903228,OLE4698903228,ole-bcalkins,OLE3849,Y
OLE4704600556,OLE4704600556,ole-csmall,OLE3700,Y
OLE4706809038,OLE4706809038,ole-ndorton,OLE3735,Y
OLE4712600700,OLE4712600700,ole-bauer,OLE2594,Y
OLE4719903527,OLE4719903527,ole-bkmcmill,OLE3552,Y
OLE4720609668,OLE4720609668,ole-tkmair,OLE3985,Y
OLE4722108521,OLE4722108521,ole-bksuter,OLE3421,Y
OLE4724100112,OLE4724100112,ole-hkreynol,OLE2559,Y
OLE4744906489,OLE4744906489,ole-jkhartfi,OLE3814,Y
OLE4750006100,OLE4750006100,ole-youngs,OLE2768,Y
OLE4756700862,OLE4756700862,ole-mklynn,OLE3253,Y
OLE4756903602,OLE4756903602,ole-tgreenle,OLE3281,Y
OLE4762009731,OLE4762009731,ole-ebroomfi,OLE3062,Y
OLE4763403483,OLE4763403483,ole-aleger,OLE3534,Y
OLE4766504540,OLE4766504540,ole-lkswope,OLE2855,Y
OLE4769102739,OLE4769102739,ole-sbuford,OLE3162,Y
OLE4774304967,OLE4774304967,ole-mhorning,OLE2382,Y
OLE4780007818,OLE4780007818,ole-lkmartin,OLE3977,Y
OLE4793800681,OLE4793800681,ole-hkpace,OLE1122,Y
OLE4794809877,OLE4794809877,ole-bkwear,OLE1731,Y
OLE4796508053,OLE4796508053,ole-akhayash,OLE3515,Y
OLE4797306442,OLE4797306442,ole-tfederic,OLE3009,Y
OLE4797500314,OLE4797500314,ole-jpowers,OLE3870,Y
OLE4798002903,OLE4798002903,ole-bkeverha,OLE2944,Y
OLE4800204985,OLE4800204985,ole-psoper,OLE3987,Y
OLE4803009890,OLE4803009890,ole-theiss,OLE1061,Y
OLE4809905701,OLE4809905701,ole-elnichol,OLE3008,Y
OLE4813308951,OLE4813308951,ole-pdelozie,OLE2877,Y
OLE4816704135,OLE4816704135,ole-slcatron,OLE3999,Y
OLE4818506871,OLE4818506871,ole-ferland,OLE1015,Y
OLE4820905777,OLE4820905777,ole-tokilbur,OLE3045,Y
OLE4823004194,OLE4823004194,ole-jmuhamma,OLE3766,Y
OLE4825300095,OLE4825300095,ole-tbryant,OLE3896,Y
OLE4827006335,OLE4827006335,ole-lltoy,OLE1093,Y
OLE4830903263,OLE4830903263,ole-headley,OLE1042,Y
OLE4835307856,OLE4835307856,ole-fboden,OLE3004,Y
OLE4835506250,OLE4835506250,ole-klsiever,OLE3321,Y
OLE4836204798,OLE4836204798,ole-cllabont,OLE3365,Y
OLE4843207887,OLE4843207887,ole-fmohan,OLE3383,Y
OLE4846906494,OLE4846906494,ole-llfudge,OLE1106,Y
OLE4851904064,OLE4851904064,ole-slscoggi,OLE3325,Y
OLE4857804867,OLE4857804867,ole-tpenrod,OLE1084,Y
OLE4863206315,OLE4863206315,ole-khollist,OLE3030,Y
OLE4870000452,OLE4870000452,ole-poole,OLE2163,Y
OLE4871608002,OLE4871608002,ole-borst,OLE1038,Y
OLE4878002324,OLE4878002324,ole-kmcgrego,OLE3456,Y
OLE4879901673,OLE4879901673,ole-mcahill,OLE2916,Y
OLE4882002485,OLE4882002485,ole-llhan,OLE2062,Y
OLE4886008480,OLE4886008480,ole-ngravitt,OLE3825,Y
OLE4888706937,OLE4888706937,ole-mlzelaya,OLE3920,Y
OLE4889307849,OLE4889307849,ole-schabot,OLE3101,Y
OLE4889803213,OLE4889803213,ole-albarrow,OLE2995,Y
OLE4898207162,OLE4898207162,ole-vcraver,OLE1103,Y
OLE4905907619,OLE4905907619,ole-dunkle,OLE1055,Y
OLE4933109100,OLE4933109100,ole-munford,OLE1059,Y
OLE4936104131,OLE4936104131,ole-amdelgad,OLE3280,Y
OLE4939700542,OLE4939700542,ole-blang,OLE2813,Y
OLE4941302701,OLE4941302701,ole-kmoutlaw,OLE3740,Y
OLE4943500789,OLE4943500789,ole-lmmorin,OLE3371,Y
OLE4948501221,OLE4948501221,ole-thurman,OLE2247,Y
OLE4949701040,OLE4949701040,ole-orangel,OLE3038,Y
OLE4951900430,OLE4951900430,ole-smnunez,OLE3127,Y
OLE4954408828,OLE4954408828,ole-tmhavila,OLE1060,Y
OLE4956605958,OLE4956605958,ole-cmgaona,OLE3682,Y
OLE4958502875,OLE4958502875,ole-fmlomax,OLE3887,Y
OLE4959604187,OLE4959604187,ole-cmvan,OLE3648,Y
OLE4965200876,OLE4965200876,ole-lguy,OLE2919,Y
OLE4965407189,OLE4965407189,ole-smoffatt,OLE2820,Y
OLE4968607063,OLE4968607063,ole-lshubert,OLE3764,Y
OLE4971403958,OLE4971403958,ole-vdurden,OLE2760,Y
OLE4984801399,OLE4984801399,ole-mmcarlis,OLE3042,Y
OLE4986309372,OLE4986309372,ole-gyim,OLE3095,Y
OLE4987604807,OLE4987604807,ole-cage,OLE1638,Y
OLE4988506457,OLE4988506457,ole-tabbey,OLE3177,Y
OLE4988707000,OLE4988707000,ole-mswink,OLE3469,Y
OLE4995109185,OLE4995109185,ole-kstraka,OLE3960,Y
OLE4999002723,OLE4999002723,ole-lsouth,OLE2868,Y
OLE5001606818,OLE5001606818,ole-sfitz,OLE3403,Y
OLE5002501009,OLE5002501009,ole-dnlucero,OLE3569,Y
OLE5003409252,OLE5003409252,ole-rncordob,OLE3506,Y
OLE5004802845,OLE5004802845,ole-anomalle,OLE3774,Y
OLE5004807794,OLE5004807794,ole-schock,OLE2049,Y
OLE5009908085,OLE5009908085,ole-enaquila,OLE3183,Y
OLE5011403363,OLE5011403363,ole-gnmarqui,OLE3317,Y
OLE5012508745,OLE5012508745,ole-eneberso,OLE3964,Y
OLE5014404390,OLE5014404390,ole-cnmattos,OLE1444,Y
OLE5018607807,OLE5018607807,ole-hperdomo,OLE3638,Y
OLE5021101777,OLE5021101777,ole-longoria,OLE2383,Y
OLE5023709651,OLE5023709651,ole-piotrows,OLE1123,Y
OLE5025501749,OLE5025501749,ole-ineff,OLE4032,Y
OLE5026506974,OLE5026506974,ole-jndeans,OLE3599,Y
OLE5035908682,OLE5035908682,ole-vwork,OLE3457,Y
OLE5043206372,OLE5043206372,ole-fbennet,OLE3487,Y
OLE5044208971,OLE5044208971,ole-ebasinge,OLE3594,Y
OLE5044909843,OLE5044909843,ole-jnfehr,OLE1689,Y
OLE5045201884,OLE5045201884,ole-kherring,OLE3984,Y
OLE5045602480,OLE5045602480,ole-oacker,OLE3523,Y
OLE5049406169,OLE5049406169,ole-ologgins,OLE3025,Y
OLE5049708811,OLE5049708811,ole-onmckame,OLE3096,Y
OLE5051008243,OLE5051008243,ole-pnseibel,OLE2900,Y
OLE5053009758,OLE5053009758,ole-tnwendli,OLE3624,Y
OLE5055007358,OLE5055007358,ole-lbehr,OLE4010,Y
OLE5060800242,OLE5060800242,ole-snfrazie,OLE2881,Y
OLE5062605797,OLE5062605797,ole-cory,OLE1264,Y
OLE5065306127,OLE5065306127,ole-rnfant,OLE3644,Y
OLE5065906725,OLE5065906725,ole-gnvidrin,OLE2997,Y
OLE5067806570,OLE5067806570,ole-cnwilche,OLE3943,Y
OLE5068701724,OLE5068701724,ole-lboykin,OLE2759,Y
OLE5069707491,OLE5069707491,ole-icrossla,OLE3500,Y
OLE5074403509,OLE5074403509,ole-cnleung,OLE3865,Y
OLE5084103589,OLE5084103589,ole-kelso,OLE4042,Y
OLE5089405013,OLE5089405013,ole-mwaits,OLE3414,Y
OLE5089905442,OLE5089905442,ole-kite,OLE2904,Y
OLE5097701374,OLE5097701374,ole-cbernal,OLE1037,Y
OLE5100203763,OLE5100203763,ole-psturgeo,OLE3661,Y
OLE5101601385,OLE5101601385,ole-sochung,OLE3719,Y
OLE5102107521,OLE5102107521,ole-momenefe,OLE3621,Y
OLE5103107704,OLE5103107704,ole-balbin,OLE3347,Y
OLE5120607747,OLE5120607747,ole-keele,OLE1097,Y
OLE5121105659,OLE5121105659,ole-leatherw,OLE2998,Y
OLE5124902112,OLE5124902112,ole-domott,OLE3941,Y
OLE5147200470,OLE5147200470,ole-mlloyd,OLE3211,Y
OLE5147505131,OLE5147505131,ole-mochrism,OLE3578,Y
OLE5151809337,OLE5151809337,ole-cofye,OLE3803,Y
OLE5154406618,OLE5154406618,ole-trashbur,OLE3579,Y
OLE5157601830,OLE5157601830,ole-mohuddle,OLE3133,Y
OLE5163208565,OLE5163208565,ole-kjulius,OLE3040,Y
OLE5163907497,OLE5163907497,ole-sobojorq,OLE3518,Y
OLE5166508090,OLE5166508090,ole-lyarber,OLE3545,Y
OLE5166900312,OLE5166900312,ole-esteele,OLE3420,Y
OLE5168704099,OLE5168704099,ole-locandel,OLE2568,Y
OLE5171509918,OLE5171509918,ole-lquesenb,OLE3854,Y
OLE5172302837,OLE5172302837,ole-aseitz,OLE3203,Y
OLE5175302021,OLE5175302021,ole-dubose,OLE2967,Y
OLE5175504470,OLE5175504470,ole-eomarble,OLE3990,Y
OLE5176701495,OLE5176701495,ole-omarin,OLE3522,Y
OLE5179707129,OLE5179707129,ole-aoschexn,OLE2742,Y
OLE5183806303,OLE5183806303,ole-jneace,OLE3337,Y
OLE5184906417,OLE5184906417,ole-etolenti,OLE3695,Y
OLE5186100361,OLE5186100361,ole-moglover,OLE3436,Y
OLE5186102229,OLE5186102229,ole-mofortun,OLE3834,Y
OLE5187400048,OLE5187400048,ole-evans,OLE1783,Y
OLE5193204888,OLE5193204888,ole-losoilea,OLE3422,Y
OLE5206907102,OLE5206907102,ole-jpdamato,OLE3491,Y
OLE5210403288,OLE5210403288,ole-rpahmed,OLE3673,Y
OLE5214509007,OLE5214509007,ole-lplingo,OLE3312,Y
OLE5222808600,OLE5222808600,ole-aasberry,OLE3668,Y
OLE5223406485,OLE5223406485,ole-cphovis,OLE1022,Y
OLE5231501612,OLE5231501612,ole-hstringe,OLE1083,Y
OLE5238208156,OLE5238208156,ole-jpvarnad,OLE3440,Y
OLE5238503444,OLE5238503444,ole-mylarge,OLE3078,Y
OLE5240003343,OLE5240003343,ole-besnead,OLE3405,Y
OLE5242108705,OLE5242108705,ole-mormsby,OLE3286,Y
OLE5245605311,OLE5245605311,ole-felker,OLE1017,Y
OLE5246301400,OLE5246301400,ole-spaldrid,OLE3478,Y
OLE5246402917,OLE5246402917,ole-kpcosby,OLE2784,Y
OLE5248201148,OLE5248201148,ole-leldridg,OLE3921,Y
OLE5251106649,OLE5251106649,ole-rpgailey,OLE1043,Y
OLE5253907165,OLE5253907165,ole-tcolella,OLE3156,Y
OLE5254708562,OLE5254708562,ole-bkiely,OLE3929,Y
OLE5262907175,OLE5262907175,ole-ktowner,OLE2838,Y
OLE5263304328,OLE5263304328,ole-smoll,OLE3278,Y
OLE5263908889,OLE5263908889,ole-sprigdon,OLE2999,Y
OLE5264206522,OLE5264206522,ole-rprobich,OLE3437,Y
OLE5267600242,OLE5267600242,ole-mfrazier,OLE3301,Y
OLE5268706644,OLE5268706644,ole-lphoggar,OLE3072,Y
OLE5269109539,OLE5269109539,ole-splittle,OLE3073,Y
OLE5270505628,OLE5270505628,ole-mpchick,OLE3149,Y
OLE5273000148,OLE5273000148,ole-nphunt,OLE3898,Y
OLE5275500357,OLE5275500357,ole-epfarmer,OLE2808,Y
OLE5275603672,OLE5275603672,ole-cpcheung,OLE3448,Y
OLE5282906856,OLE5282906856,ole-nlovelad,OLE3536,Y
OLE5284404032,OLE5284404032,ole-jpbuss,OLE3753,Y
OLE5288404715,OLE5288404715,ole-rhoden,OLE2641,Y
OLE5291706249,OLE5291706249,ole-csilvers,OLE2927,Y
OLE5293405344,OLE5293405344,ole-jegbert,OLE4033,Y
OLE5295208044,OLE5295208044,ole-dlesko,OLE3164,Y
OLE5298004803,OLE5298004803,ole-bpeads,OLE3916,Y
OLE5299507056,OLE5299507056,ole-bptull,OLE3531,Y
OLE5302509476,OLE5302509476,ole-darneson,OLE3232,Y
OLE5309207209,OLE5309207209,ole-tgusman,OLE3935,Y
OLE5321703130,OLE5321703130,ole-aqburdet,OLE2966,Y
OLE5326500715,OLE5326500715,ole-jeliving,OLE2979,Y
OLE5331201785,OLE5331201785,ole-season,OLE3117,Y
OLE5331903365,OLE5331903365,ole-keasterl,OLE2896,Y
OLE5334003983,OLE5334003983,ole-jqahern,OLE3553,Y
OLE5335305005,OLE5335305005,ole-fqedmund,OLE3883,Y
OLE5335603449,OLE5335603449,ole-mqgoad,OLE3947,Y
OLE5335901264,OLE5335901264,ole-stroud,OLE2772,Y
OLE5340904165,OLE5340904165,ole-eqwalsto,OLE3037,Y
OLE5344900879,OLE5344900879,ole-jqfreder,OLE3850,Y
OLE5351701368,OLE5351701368,ole-aqdwyer,OLE3514,Y
OLE5360205001,OLE5360205001,ole-haworth,OLE2922,Y
OLE5360703640,OLE5360703640,ole-boliveir,OLE3251,Y
OLE5360707517,OLE5360707517,ole-bottinge,OLE4030,Y
OLE5362002681,OLE5362002681,ole-ehite,OLE3267,Y
OLE5366808694,OLE5366808694,ole-jqskelly,OLE3724,Y
OLE5367103951,OLE5367103951,ole-misaacso,OLE3464,Y
OLE5368508241,OLE5368508241,ole-asollars,OLE3240,Y
OLE5369106674,OLE5369106674,ole-stolman,OLE3173,Y
OLE5370700381,OLE5370700381,ole-mortega,OLE3005,Y
OLE5370702076,OLE5370702076,ole-mwilling,OLE3461,Y
OLE5373008390,OLE5373008390,ole-nqgilroy,OLE3600,Y
OLE5378107921,OLE5378107921,ole-eberglun,OLE2895,Y
OLE5379008502,OLE5379008502,ole-burd,OLE1040,Y
OLE5384207659,OLE5384207659,ole-dqnicol,OLE3358,Y
OLE5384306295,OLE5384306295,ole-lqridge,OLE3604,Y
OLE5388101202,OLE5388101202,ole-aemery,OLE3016,Y
OLE5390502344,OLE5390502344,ole-aqharp,OLE3396,Y
OLE5393601315,OLE5393601315,ole-mtomlins,OLE3114,Y
OLE5397206164,OLE5397206164,ole-rmunroe,OLE3398,Y
OLE5398709821,OLE5398709821,ole-kqjacint,OLE2777,Y
OLE5400901960,OLE5400901960,ole-mafenton,OLE3917,Y
OLE5401106715,OLE5401106715,ole-lrborows,OLE2659,Y
OLE5402206934,OLE5402206934,ole-lrbasso,OLE2870,Y
OLE5403600079,OLE5403600079,ole-kbarnes,OLE3231,Y
OLE5412209968,OLE5412209968,ole-trfurst,OLE3997,Y
OLE5413104033,OLE5413104033,ole-bunnell,OLE1071,Y
OLE5416508423,OLE5416508423,ole-lrwester,OLE1470,Y
OLE5420400165,OLE5420400165,ole-rrstephe,OLE3669,Y
OLE5421008748,OLE5421008748,ole-edrye,OLE2873,Y
OLE5423102694,OLE5423102694,ole-gkraus,OLE3199,Y
OLE5424404553,OLE5424404553,ole-vmagnuso,OLE3137,Y
OLE5430509566,OLE5430509566,ole-hadfield,OLE2764,Y
OLE5437005344,OLE5437005344,ole-kegbert,OLE2840,Y
OLE5448802231,OLE5448802231,ole-crtoth,OLE3861,Y
OLE5452902895,OLE5452902895,ole-erdocker,OLE3683,Y
OLE5454406993,OLE5454406993,ole-talden,OLE3188,Y
OLE5455507137,OLE5455507137,ole-kemenese,OLE3245,Y
OLE5464509740,OLE5464509740,ole-boman,OLE1046,Y
OLE5468701656,OLE5468701656,ole-lrsegura,OLE3926,Y
OLE5469103838,OLE5469103838,ole-sgarris,OLE3010,Y
OLE5472506840,OLE5472506840,ole-bred,OLE3780,Y
OLE5476301425,OLE5476301425,ole-aseals,OLE3759,Y
OLE5483808706,OLE5483808706,ole-jrnickel,OLE3341,Y
OLE5498505504,OLE5498505504,ole-ndarr,OLE1049,Y
OLE5505306341,OLE5505306341,ole-hreber,OLE3634,Y
OLE5505804257,OLE5505804257,ole-jblaine,OLE3060,Y
OLE5507604316,OLE5507604316,ole-icarbaja,OLE3180,Y
OLE5509109086,OLE5509109086,ole-lssohn,OLE2369,Y
OLE5511601466,OLE5511601466,ole-vhouser,OLE3036,Y
OLE5516501534,OLE5516501534,ole-lsepps,OLE3936,Y
OLE5518608449,OLE5518608449,ole-hsnussba,OLE2969,Y
OLE5525106066,OLE5525106066,ole-vpatch,OLE3945,Y
OLE5525505651,OLE5525505651,ole-isrosenf,OLE3729,Y
OLE5526807351,OLE5526807351,ole-nscalvo,OLE3588,Y
OLE5535209660,OLE5535209660,ole-osmilo,OLE3650,Y
OLE5535405928,OLE5535405928,ole-ssclaudi,OLE3906,Y
OLE5541103026,OLE5541103026,ole-msbasham,OLE3541,Y
OLE5541506375,OLE5541506375,ole-ntharpe,OLE3548,Y
OLE5546405401,OLE5546405401,ole-kslemoin,OLE3741,Y
OLE5557907664,OLE5557907664,ole-rsmccull,OLE3161,Y
OLE5558702729,OLE5558702729,ole-dsmeehan,OLE3404,Y
OLE5561408311,OLE5561408311,ole-pcopenha,OLE2955,Y
OLE5563807567,OLE5563807567,ole-gtolle,OLE3762,Y
OLE5564804827,OLE5564804827,ole-jsdenman,OLE3213,Y
OLE5566302804,OLE5566302804,ole-jsuribe,OLE3323,Y
OLE5566404040,OLE5566404040,ole-ssstidha,OLE2809,Y
OLE5576601733,OLE5576601733,ole-jsali,OLE3723,Y
OLE5589007124,OLE5589007124,ole-msslushe,OLE3243,Y
OLE5589307751,OLE5589307751,ole-ssjacobo,OLE1075,Y
OLE5594003018,OLE5594003018,ole-lminter,OLE3020,Y
OLE5594206387,OLE5594206387,ole-bramer,OLE2976,Y
OLE5598104606,OLE5598104606,ole-asgilmer,OLE3003,Y
OLE5598509810,OLE5598509810,ole-nloeb,OLE3241,Y
OLE5599000352,OLE5599000352,ole-lmack,OLE3893,Y
OLE5599001606,OLE5599001606,ole-engel,OLE1041,Y
OLE5601108543,OLE5601108543,ole-linorthr,OLE3318,Y
OLE5607503790,OLE5607503790,ole-ttellez,OLE3969,Y
OLE5610607857,OLE5610607857,ole-ctbeckfo,OLE2656,Y
OLE5614708043,OLE5614708043,ole-jtlieb,OLE3802,Y
OLE5614708900,OLE5614708900,ole-jtnuss,OLE3181,Y
OLE5621906847,OLE5621906847,ole-parke,OLE2790,Y
OLE5622705948,OLE5622705948,ole-comcclus,OLE3701,Y
OLE5627305015,OLE5627305015,ole-ptvalent,OLE3886,Y
OLE5630801602,OLE5630801602,ole-cmcmulle,OLE3749,Y
OLE5631302174,OLE5631302174,ole-imixon,OLE2767,Y
OLE5641904609,OLE5641904609,ole-ptdaught,OLE1526,Y
OLE5642104006,OLE5642104006,ole-mancini,OLE2756,Y
OLE5644206109,OLE5644206109,ole-erodarte,OLE3124,Y
OLE5652205916,OLE5652205916,ole-jgrazian,OLE2960,Y
OLE5653408083,OLE5653408083,ole-atbailla,OLE3443,Y
OLE5655408851,OLE5655408851,ole-ctcampo,OLE2798,Y
OLE5660204051,OLE5660204051,ole-lholcomb,OLE3889,Y
OLE5660602371,OLE5660602371,ole-supton,OLE2587,Y
OLE5666106211,OLE5666106211,ole-ktmcphai,OLE3145,Y
OLE5669408939,OLE5669408939,ole-atencarn,OLE3742,Y
OLE5672201534,OLE5672201534,ole-hepps,OLE1482,Y
OLE5674104312,OLE5674104312,ole-ctforet,OLE3454,Y
OLE5678308914,OLE5678308914,ole-zkuehl,OLE3710,Y
OLE5678802241,OLE5678802241,ole-hsinglet,OLE1098,Y
OLE5682002398,OLE5682002398,ole-durbin,OLE1073,Y
OLE5683305708,OLE5683305708,ole-ktgourle,OLE3226,Y
OLE5686203320,OLE5686203320,ole-mpulido,OLE3425,Y
OLE5689604619,OLE5689604619,ole-jtstroup,OLE3001,Y
OLE5691404828,OLE5691404828,ole-ltchiu,OLE3378,Y
OLE5694307882,OLE5694307882,ole-nighting,OLE2901,Y
OLE5703004918,OLE5703004918,ole-mschramm,OLE3157,Y
OLE5714106800,OLE5714106800,ole-dumartin,OLE3770,Y
OLE5716402724,OLE5716402724,ole-jhavens,OLE4034,Y
OLE5720209145,OLE5720209145,ole-cdance,OLE3526,Y
OLE5721404797,OLE5721404797,ole-philips,OLE2885,Y
OLE5725905238,OLE5725905238,ole-lboswort,OLE3259,Y
OLE5729300245,OLE5729300245,ole-day,OLE2807,Y
OLE5740007891,OLE5740007891,ole-bumaxson,OLE3951,Y
OLE5748808825,OLE5748808825,ole-cjeanbap,OLE3533,Y
OLE5749406689,OLE5749406689,ole-mceacher,OLE1029,Y
OLE5750603189,OLE5750603189,ole-mflander,OLE3415,Y
OLE5751603865,OLE5751603865,ole-arriaga,OLE1086,Y
OLE5752908620,OLE5752908620,ole-eurainer,OLE3801,Y
OLE5754604266,OLE5754604266,ole-kloera,OLE2931,Y
OLE5755900139,OLE5755900139,ole-audixon,OLE2912,Y
OLE5758507907,OLE5758507907,ole-fufreder,OLE3539,Y
OLE5759504722,OLE5759504722,ole-cknotts,OLE3044,Y
OLE5771807326,OLE5771807326,ole-eukasten,OLE3606,Y
OLE5776103043,OLE5776103043,ole-clancy,OLE2584,Y
OLE5778107441,OLE5778107441,ole-earenas,OLE3153,Y
OLE5779506654,OLE5779506654,ole-gendicot,OLE2869,Y
OLE5785104639,OLE5785104639,ole-mroundtr,OLE3549,Y
OLE5788201508,OLE5788201508,ole-kukay,OLE2344,Y
OLE5789807604,OLE5789807604,ole-auhuth,OLE3642,Y
OLE5790902739,OLE5790902739,ole-nbuford,OLE3458,Y
OLE5796405373,OLE5796405373,ole-tudeange,OLE3911,Y
OLE5797507352,OLE5797507352,ole-byerly,OLE1864,Y
OLE5799701976,OLE5799701976,ole-iboudrea,OLE3693,Y
OLE5801103380,OLE5801103380,ole-lvchisol,OLE3950,Y
OLE5801508274,OLE5801508274,ole-hvmarte,OLE3335,Y
OLE5807508729,OLE5807508729,ole-tislas,OLE3112,Y
OLE5811904314,OLE5811904314,ole-sfife,OLE2882,Y
OLE5815402801,OLE5815402801,ole-mvcintro,OLE3528,Y
OLE5815608065,OLE5815608065,ole-bdoney,OLE3382,Y
OLE5822209974,OLE5822209974,ole-dflickin,OLE3394,Y
OLE5822600575,OLE5822600575,ole-mvwhiteh,OLE3919,Y
OLE5834605317,OLE5834605317,ole-oblood,OLE1025,Y
OLE5838306122,OLE5838306122,ole-ehyder,OLE3223,Y
OLE5840802300,OLE5840802300,ole-mvliu,OLE3115,Y
OLE5840806578,OLE5840806578,ole-mserra,OLE2854,Y
OLE5846500376,OLE5846500376,ole-potter,OLE2835,Y
OLE5852509909,OLE5852509909,ole-rrunkle,OLE3623,Y
OLE5870509419,OLE5870509419,ole-mvmiceli,OLE3221,Y
OLE5873409408,OLE5873409408,ole-lplemmon,OLE2884,Y
OLE5876509454,OLE5876509454,ole-sessary,OLE3972,Y
OLE5877408321,OLE5877408321,ole-bvbrenne,OLE3838,Y
OLE5879307396,OLE5879307396,ole-lvlinebe,OLE3263,Y
OLE5885006333,OLE5885006333,ole-cwendel,OLE3205,Y
OLE5901400346,OLE5901400346,ole-bwburges,OLE3732,Y
OLE5905401470,OLE5905401470,ole-ttoney,OLE1110,Y
OLE5914204036,OLE5914204036,ole-awautry,OLE3720,Y
OLE5917508140,OLE5917508140,ole-agarry,OLE3351,Y
OLE5918604591,OLE5918604591,ole-hschrein,OLE3840,Y
OLE5919702911,OLE5919702911,ole-swdunnin,OLE3495,Y
OLE5925801181,OLE5925801181,ole-mcrow,OLE3832,Y
OLE5927407565,OLE5927407565,ole-nwviolet,OLE3338,Y
OLE5934406882,OLE5934406882,ole-fbranton,OLE3258,Y
OLE5949304259,OLE5949304259,ole-mwampler,OLE2968,Y
OLE5951409987,OLE5951409987,ole-fcurrey,OLE4002,Y
OLE5960108774,OLE5960108774,ole-mwwilkey,OLE2412,Y
OLE5963804650,OLE5963804650,ole-gdonato,OLE3846,Y
OLE5965907037,OLE5965907037,ole-gcurrin,OLE3527,Y
OLE5967802348,OLE5967802348,ole-cwwagone,OLE2949,Y
OLE5969106553,OLE5969106553,ole-sderry,OLE3088,Y
OLE5969905212,OLE5969905212,ole-wwyager,OLE3711,Y
OLE5989900763,OLE5989900763,ole-jwchurch,OLE2823,Y
OLE5996003203,OLE5996003203,ole-rwporter,OLE2897,Y
OLE5998202207,OLE5998202207,ole-barth,OLE1076,Y
OLE6001205150,OLE6001205150,ole-nmullens,OLE3489,Y
OLE6010708540,OLE6010708540,ole-province,OLE1096,Y
OLE6011107934,OLE6011107934,ole-cxtrader,OLE3442,Y
OLE6012204256,OLE6012204256,ole-tbumgarn,OLE2806,Y
OLE6019504164,OLE6019504164,ole-vyoon,OLE1070,Y
OLE6022009496,OLE6022009496,ole-cxtedesc,OLE1109,Y
OLE6038600202,OLE6038600202,ole-lgutierr,OLE3076,Y
OLE6044901223,OLE6044901223,ole-jxhoskin,OLE3408,Y
OLE6048001844,OLE6048001844,ole-starnes,OLE1717,Y
OLE6050504460,OLE6050504460,ole-whyte,OLE2894,Y
OLE6051803775,OLE6051803775,ole-crodrigu,OLE3537,Y
OLE6054309812,OLE6054309812,ole-jxlinder,OLE3785,Y
OLE6054406226,OLE6054406226,ole-tguarino,OLE2778,Y
OLE6063504751,OLE6063504751,ole-mhaase,OLE3517,Y
OLE6065408755,OLE6065408755,ole-sxclower,OLE2941,Y
OLE6076306314,OLE6076306314,ole-howlett,OLE1686,Y
OLE6076602019,OLE6076602019,ole-jguillor,OLE3015,Y
OLE6080308182,OLE6080308182,ole-exmalek,OLE3875,Y
OLE6085806353,OLE6085806353,ole-oxleong,OLE3474,Y
OLE6090303239,OLE6090303239,ole-ctuck,OLE1637,Y
OLE6090605470,OLE6090605470,ole-stoole,OLE3134,Y
OLE6094500409,OLE6094500409,ole-dxmccart,OLE3544,Y
OLE6098801303,OLE6098801303,ole-dquick,OLE3841,Y
OLE6100502474,OLE6100502474,ole-epimente,OLE3869,Y
OLE6105807539,OLE6105807539,ole-jyfectea,OLE3811,Y
OLE6110703327,OLE6110703327,ole-fhogg,OLE3210,Y
OLE6121801715,OLE6121801715,ole-staley,OLE1105,Y
OLE6126708165,OLE6126708165,ole-mshackle,OLE2851,Y
OLE6132403622,OLE6132403622,ole-jywhitco,OLE3806,Y
OLE6137600107,OLE6137600107,ole-woods,OLE1000,Y
OLE6139306823,OLE6139306823,ole-fclyburn,OLE4031,Y
OLE6142507501,OLE6142507501,ole-dywoosle,OLE3672,Y
OLE6156003233,OLE6156003233,ole-cywertz,OLE3976,Y
OLE6156606070,OLE6156606070,ole-cymagill,OLE2805,Y
OLE6158003283,OLE6158003283,ole-earley,OLE1081,Y
OLE6162502038,OLE6162502038,ole-khuntley,OLE3776,Y
OLE6164904958,OLE6164904958,ole-orton,OLE2227,Y
OLE6165100953,OLE6165100953,ole-fkirklan,OLE3892,Y
OLE6170904981,OLE6170904981,ole-cotowle,OLE3598,Y
OLE6172204597,OLE6172204597,ole-hykrug,OLE3255,Y
OLE6176006856,OLE6176006856,ole-mylovela,OLE1172,Y
OLE6176204753,OLE6176204753,ole-syfredri,OLE1531,Y
OLE6176502537,OLE6176502537,ole-symauldi,OLE3234,Y
OLE6177806959,OLE6177806959,ole-tlandes,OLE3574,Y
OLE6182208707,OLE6182208707,ole-mnaumann,OLE2986,Y
OLE6185006765,OLE6185006765,ole-cydowner,OLE3270,Y
OLE6195608772,OLE6195608772,ole-lyamey,OLE3497,Y
OLE6207703270,OLE6207703270,ole-jzarteag,OLE3859,Y
OLE6208601267,OLE6208601267,ole-jtipton,OLE2819,Y
OLE6209103891,OLE6209103891,ole-lseverso,OLE2763,Y
OLE6214907514,OLE6214907514,ole-riendeau,OLE2655,Y
OLE6218206268,OLE6218206268,ole-rdeen,OLE3147,Y
OLE6218805472,OLE6218805472,ole-tedesco,OLE2803,Y
OLE6219003014,OLE6219003014,ole-ysteed,OLE1104,Y
OLE6219307217,OLE6219307217,ole-kdimaggi,OLE3360,Y
OLE6219408423,OLE6219408423,ole-kwestern,OLE2745,Y
OLE6221706714,OLE6221706714,ole-abrockwa,OLE3827,Y
OLE6224007077,OLE6224007077,ole-mzmanion,OLE3026,Y
OLE6235900785,OLE6235900785,ole-vholman,OLE3412,Y
OLE6240307307,OLE6240307307,ole-kpridemo,OLE2842,Y
OLE6242205377,OLE6242205377,ole-dzbenham,OLE3480,Y
OLE6245103433,OLE6245103433,ole-gmcvey,OLE2853,Y
OLE6248700096,OLE6248700096,ole-szalexan,OLE1438,Y
OLE6258007742,OLE6258007742,ole-dmarrufo,OLE2755,Y
OLE6259500614,OLE6259500614,ole-czjohns,OLE3703,Y
OLE6261002670,OLE6261002670,ole-cary,OLE1050,Y
OLE6261900995,OLE6261900995,ole-aknowles,OLE3363,Y
OLE6269308135,OLE6269308135,ole-shaigh,OLE2993,Y
OLE6269708732,OLE6269708732,ole-izhillye,OLE2749,Y
OLE6272309454,OLE6272309454,ole-azessary,OLE2994,Y
OLE6274603810,OLE6274603810,ole-cmccue,OLE3238,Y
OLE6276904397,OLE6276904397,ole-heagle,OLE2867,Y
OLE6288405390,OLE6288405390,ole-wrhineha,OLE1399,Y
OLE6291109390,OLE6291109390,ole-lzshambl,OLE3848,Y
OLE6291508813,OLE6291508813,ole-cmarkel,OLE3543,Y
OLE6295106954,OLE6295106954,ole-kzmcatee,OLE3768,Y
OLEA000000001,OLEA000000001,ole-akoontz,OLE4078,Y
OLEA000000002,OLEA000000002,ole-aburton,OLE4079,Y
OLEA000000003,OLEA000000003,ole-ayoung,OLE4080,Y
OLEA000000004,OLEA000000004,ole-avogel,OLE4081,Y
OLEA000000005,OLEA000000005,ole-agetz,OLE4082,Y
OLEA000000006,OLEA000000006,ole-aferree,OLE4083,Y
OLEA000000007,OLEA000000007,ole-acoatney,OLE4084,Y
OLEA000000008,OLEA000000008,ole-abarge,OLE4085,Y
OLEA000000009,OLEA000000009,ole-amorgan,OLE4086,Y
OLEA000000010,OLEA000000010,ole-awright,OLE4087,Y
OLEC000000001,OLEC000000001,ole-cdonnell,OLE4058,Y
OLEC000000002,OLEC000000002,ole-cpeterso,OLE4059,Y
OLEC000000003,OLEC000000003,ole-cgreatho,OLE4060,Y
OLEC000000004,OLEC000000004,ole-cnoble,OLE4061,Y
OLEC000000005,OLEC000000005,ole-cmorriso,OLE4062,Y
OLEC000000006,OLEC000000006,ole-cemsley,OLE4063,Y
OLEC000000007,OLEC000000007,ole-cmcmeans,OLE4064,Y
OLEC000000008,OLEC000000008,ole-cburket,OLE4065,Y
OLEC000000009,OLEC000000009,ole-csylvest,OLE4066,Y
OLEC000000010,OLEC000000010,ole-cabrams,OLE4067,Y
OLED000000001,OLED000000001,ole-dmarin,OLE4068,Y
OLED000000002,OLED000000002,ole-dforsyth,OLE4069,Y
OLED000000003,OLED000000003,ole-dberry,OLE4070,Y
OLED000000004,OLED000000004,ole-dshipman,OLE4071,Y
OLED000000005,OLED000000005,ole-dsears,OLE4072,Y
OLED000000006,OLED000000006,ole-dfreelan,OLE4073,Y
OLED000000007,OLED000000007,ole-ddunlap,OLE4074,Y
OLED000000008,OLED000000008,ole-dellis,OLE4075,Y
OLED000000009,OLED000000009,ole-dgrainge,OLE4076,Y
OLED000000010,OLED000000010,ole-dmonroe,OLE4077,Y
OLEH000000001,OLEH000000001,ole-hnelson,OLE4107,Y
OLEH000000002,OLEH000000002,ole-hmoss,OLE4108,Y
OLEH000000003,OLEH000000003,ole-hgonzale,OLE4109,Y
OLEH000000004,OLEH000000004,ole-hwilliam,OLE4110,Y
OLEH000000005,OLEH000000005,ole-hbender,OLE4111,Y
OLEH000000006,OLEH000000006,ole-hsanders,OLE4112,Y
OLEH000000007,OLEH000000007,ole-hfields,OLE4113,Y
OLEH000000008,OLEH000000008,ole-hcarmich,OLE4114,Y
OLEH000000009,OLEH000000009,ole-heads,OLE4115,Y
OLEH000000010,OLEH000000010,ole-hkeller,OLE4116,Y
OLEI000000001,OLEI000000001,ole-ihenley,OLE4048,Y
OLEI000000002,OLEI000000002,ole-ianderso,OLE4049,Y
OLEI000000003,OLEI000000003,ole-imatthew,OLE4050,Y
OLEI000000004,OLEI000000004,ole-icain,OLE4051,Y
OLEI000000005,OLEI000000005,ole-iklein,OLE4052,Y
OLEI000000006,OLEI000000006,ole-itaylor,OLE4053,Y
OLEI000000007,OLEI000000007,ole-ismith,OLE4054,Y
OLEI000000008,OLEI000000008,ole-ijohnson,OLE4055,Y
OLEI000000009,OLEI000000009,ole-itarking,OLE4056,Y
OLEI000000010,OLEI000000010,ole-imccloud,OLE4057,Y
OLEM000000001,OLEM000000001,ole-mbaxter,OLE4088,Y
OLEM000000002,OLEM000000002,ole-mgray,OLE4089,Y
OLEM000000003,OLEM000000003,ole-mhandley,OLE4090,Y
OLEM000000004,OLEM000000004,ole-mlee,OLE4091,Y
OLEM000000005,OLEM000000005,ole-mlawyer,OLE4092,Y
OLEM000000006,OLEM000000006,ole-mnorman,OLE4093,Y
OLEM000000007,OLEM000000007,ole-mobrian,OLE4094,Y
OLEM000000008,OLEM000000008,ole-mpayne,OLE4095,Y
OLEM000000009,OLEM000000009,ole-mhart,OLE4096,Y
OLEM000000010,OLEM000000010,ole-mquick,OLE4097,Y
OLEU000000001,OLEU000000001,ole-uryan,OLE4098,Y
OLEU000000002,OLEU000000002,ole-usampson,OLE4099,Y
OLEU000000003,OLEU000000003,ole-uallen,OLE4100,Y
OLEU000000004,OLEU000000004,ole-uvoss,OLE4047,Y
OLEU000000005,OLEU000000005,ole-utroyer,OLE4101,Y
OLEU000000006,OLEU000000006,ole-uwarren,OLE4102,Y
OLEU000000007,OLEU000000007,ole-uyoder,OLE4103,Y
OLEU000000008,OLEU000000008,ole-uzane,OLE4104,Y
OLEU000000009,OLEU000000009,ole-uyolinsk,OLE4105,Y
OLEU000000010,OLEU000000010,ole-ubrava,OLE4106,Y