UNIV_FISCAL_YR,FIN_SERIES_ID,OBJ_ID,VER_NBR,ROW_ACTV_IND
2014,000,d98f700b-29d8-4da4-a71a-f603ee45c7fa,1,Y
2014,001,d7ea520a-553e-4175-a262-3d6c5703968d,1,Y
2014,002,4260beda-d118-4592-9ce7-f80b1d7a5c18,1,Y
2014,003,cc4040ef-d36d-4512-b489-924195b6508c,1,Y
2014,004,66c04ab1-e68d-42aa-b20f-097862ffc0e2,1,Y
2014,005,fc5a8f17-6f9b-49c4-a9fa-ed83b6128f3b,1,Y
2014,006,536850a8-0716-4075-90cc-5d9f0dbb9351,1,Y
2014,007,57919bf0-cc37-4299-94c2-85b47e3b62f7,1,Y
2014,008,9303c699-4162-468d-b5e3-c98e323cfdb8,1,Y
2014,009,1d002c25-6a20-474c-8a1b-bde550b0575e,1,Y
2014,010,f139251a-a4ea-4e97-9167-58437040ea79,1,Y
2014,011,b8e3d5c2-75a1-4e25-b248-e479433230aa,1,Y
2014,012,ee176dd2-adda-49fd-98ae-1467dc6b2bf7,1,Y
2014,013,2e762787-d5e1-4e5b-b1e8-be001950f0fb,1,Y
2014,014,f4fdb189-b35c-495b-a612-81a37a79ed85,1,Y
2014,015,dc5d8024-ef40-44a7-b886-8ca975ca224f,1,Y
2014,016,fea438fc-43e8-4031-b744-7a63cffd7b80,1,Y
2014,017,cee001bc-2915-4d3b-a913-19c883c6fce7,1,Y
2014,018,53fea692-ba13-4c0f-bb76-d0560366e834,1,Y
2014,019,a68a0577-803b-40e5-bb08-919848c23f40,1,Y
2014,020,1b8ae5bd-ed75-4bf8-8adc-b9a4fbd38edb,1,Y
2014,021,6185c001-0fcb-4b1a-b817-7d6af736cf0f,1,Y
2014,022,2094174f-c377-429f-b802-444db7eda429,1,Y
2014,023,772c03e8-ffab-443d-a8bd-a6831c190ee6,1,Y
2014,024,9b076463-ca8b-4784-a77f-10b555d41934,1,Y
2014,025,ecadb65d-cc97-4b1b-a859-19efcad3cfe8,1,Y
2014,026,58d8132a-e4dc-430d-a191-9fae2e792b83,1,Y
2014,027,9298bedd-d39d-454d-9d09-f9397603fdd6,1,Y
2014,028,7bf04ff3-bbc2-45ae-960f-177e92aa0021,1,Y
2014,029,28c20c9c-dc49-498f-b6dc-8aba4076fb93,1,Y
2014,030,4ffd1aa6-aa3d-400f-86c4-7af6b57ca9c4,1,Y
2014,031,105c4f0e-9f5d-48eb-aa67-dc3f5b8d5593,1,Y
2014,032,7c870e1e-b884-4c44-a9e2-aee4921e4179,1,Y
2014,033,a6ad9681-005f-4c4d-a56e-29950cc1e89b,1,Y
2014,034,eedab065-d0c8-4247-9238-f02803254db8,1,Y
2014,035,113020d6-0bcd-421c-b7b7-b4a288cab044,1,Y
2014,036,5faad1ff-62cc-435e-8dd8-1cbe928edb69,1,Y
2014,037,3b8fe22a-5ffb-4a85-ad82-0f6656cf2c02,1,Y
2014,038,3a3004ce-83e2-4d73-8c00-74f94d084242,1,Y
2014,039,84ad2774-7069-4421-8282-61f93dd11951,1,Y
2014,040,3ad802d1-0ee4-48c5-8848-2e3bfe482cd6,1,Y
2014,041,1f40fc08-2dcf-4607-ac79-808d1033e430,1,Y
2014,042,b85d6a89-5aac-4310-8d75-9441dd5d2235,1,Y
2014,043,5b9d0628-7655-43a2-9f28-8351d3695f8e,1,Y
2014,044,e31c7ddc-3463-4e64-9aa3-05a34967694b,1,Y
2014,045,80799149-dcde-4841-b6b2-94dd2b2eb57a,1,Y
2014,046,ee04204d-938c-4aba-af70-d56b08d485a8,1,Y
2014,047,0f2f059f-57bb-411f-8857-97e177dc0567,1,Y
2014,048,c218c737-d3e2-451d-848b-59966be36407,1,Y
2014,049,72450c80-42f4-4a97-afe7-bc7786a564c6,1,Y
2014,050,d752aaf5-2660-4ff8-b1d6-0e6339e93c78,1,Y
2014,051,ce49590a-6ec8-4aa0-9a57-40cbcb2fb470,1,Y
2014,052,cc178211-a1bc-4863-a8db-877f13d50350,1,Y
2014,053,06bed359-b1eb-4556-b116-67e6ae58b400,1,Y
2014,054,4a5d63b3-3562-40d5-b08a-76bf41f60199,1,Y
2014,055,dce5e802-baec-4ecd-b797-d7b06c279a00,1,Y
2014,056,fd6dae68-1aab-4326-8e27-6c8811a5d1a0,1,Y
2014,057,fcd90396-696c-478e-817d-6410dcb104c8,1,Y
2014,058,7dd9254a-fb0d-4ca0-9d16-ba057a4fe817,1,Y
2014,059,ea6ef75e-fc5d-4ea1-8e54-5908e40f3a56,1,Y
2014,060,dc38a565-5c8d-4f69-afae-c6d7c223bf2f,1,Y
2014,061,d89fa054-31c3-4697-b557-1f40b3d8f5f9,1,Y
2014,062,0cdc6115-9175-415d-8609-f4dbc7b72610,1,Y
2014,063,e2e9ff83-fa8a-4312-a933-2a48249a872f,1,Y
2014,064,62372ba9-48b0-49ab-8f22-1e376f0556e5,1,Y
2014,065,2dae8a87-f753-49c3-a38b-c701a3813146,1,Y
2014,066,9e6560c0-ca8f-4c15-a03a-1dc43c97b189,1,Y
2014,067,5bb6ea43-f258-4c91-8569-9bc5e8dfccdc,1,Y
2014,068,b604050c-37d5-4187-ab4e-20df2dda1dd4,1,Y
2014,069,bd4fbbb7-5c65-4c80-8aa5-1a4b86ba507f,1,Y
2014,070,671ca083-6ce7-4cdb-a680-c27a1027a562,1,Y
2014,071,ee2b888c-8c37-4139-bf6a-5af336cc5e9b,1,Y
2014,072,e6dd39c7-a3d2-4b93-b079-069cd8ecf8c7,1,Y
2014,073,d43b1730-8ab9-408d-a4b9-f69c45da7969,1,Y
2014,074,d21b4756-5c82-434d-af17-c48e0b6797a3,1,Y
2014,075,d43d534a-39d4-4c6a-88e7-b77e73a226f0,1,Y
2014,076,04a1c8b7-b4f9-4b27-b875-6f42adbd1e6e,1,Y
2014,077,395bdc1d-31dd-4d85-87f7-788ca685940b,1,Y
2014,078,391cbac0-df0d-4f5b-bb85-5962c37e53ed,1,Y
2014,079,3b9dbab7-074c-43d9-abe1-93d49e7c0110,1,Y
2014,080,27820b7b-bf56-4b91-ba7e-f05fd5af7783,1,Y
2014,081,01745848-d564-46a7-a230-94051454593c,1,Y
2014,082,97058e66-d745-42ec-8b15-77ae85b51418,1,Y
2014,083,759c56dd-23fc-48f1-a291-a256e339d2b8,1,Y
2014,084,95a52326-57d1-495a-a103-85fd15dde6c4,1,Y
2014,085,e4468642-88ba-44b9-942f-da93809c1e5d,1,Y
2014,086,f91e01be-ef9e-4e1d-b7db-c75769d14662,1,Y
2014,087,1cb9fece-d456-4bb4-94cb-610351e5b536,1,Y
2014,088,fb20d150-8e1f-4b88-a516-d818a5f978f5,1,Y
2014,089,d0bce5d8-d576-48b0-bd0a-41eb32e5e6cc,1,Y
2014,090,3a388edd-3922-47cd-a984-0d6e3e438378,1,Y
2014,091,cc87cb19-a501-4f07-bbe8-0a92b5d5b250,1,Y
2014,092,8a208086-db98-4334-8d01-a4e73ed7e0c7,1,Y
2014,093,f12680fc-74dd-4bc9-8ff1-8cc00c865170,1,Y
2014,094,900acf73-507e-4b32-9f30-09c6597bb12d,1,Y
2014,095,1f8901c3-aedc-4082-aea8-f52cd0ce2072,1,Y
2014,096,13140761-3153-4f2e-af3b-80d127f08eee,1,Y
2014,097,a9392672-89f0-44fa-b60f-2e9cfb9adf24,1,Y
2014,098,c8068949-a738-45fe-89c4-3c928daba4d0,1,Y
2014,099,281cd44d-aece-4635-960e-e2d48b3c1a9e,1,Y
2014,100,55198443-22d7-4249-a2de-54fe0a0a2e1d,1,Y
2014,101,9b962c06-8ed7-45f3-869f-32e779212372,1,Y
2014,102,8b6e73bf-12c9-4538-9017-6b2d76d70f6c,1,Y
2014,103,a8678233-09bc-4e90-93db-40db66b5d6aa,1,Y
2014,104,96d2c274-4df5-4915-ad3e-bfad08b3cecd,1,Y
2014,105,a586d6ec-cdec-4236-972b-c47926861c8b,1,Y
2014,106,a490b27d-c809-4b54-8632-e341ef9f1197,1,Y
2014,107,47de2aeb-7750-465c-80ea-0b19da1d9a83,1,Y
2014,108,ee0a2bda-d8fc-446f-8fd4-6f2f954b3b64,1,Y
2014,109,7ecce93f-74d9-4842-a86c-09ed2b052ee5,1,Y
2014,110,08e513f6-6057-4484-b56f-cd2d6cbc5bc7,1,Y
2014,111,be7d4b4d-d5f6-44fc-9e0a-7883b30eb532,1,Y
2014,112,3222019f-6d53-4f51-b018-e8957602eec9,1,Y
2014,113,8d04cee0-ff06-49b7-a476-cd71c1aae797,1,Y
2014,114,2bcd1a64-19eb-4c9f-97b3-9c10481312d6,1,Y
2014,115,dfb30e6d-7308-4079-acfd-7c90e07b5019,1,Y
2014,116,de03d79b-0434-44ea-b3a3-2173a3d47cb7,1,Y
2014,117,bd77b4d7-5d92-4867-92ec-a78e5ee297c8,1,Y
2014,118,57dd11e6-a507-452b-a73a-4a09d654ea18,1,Y
2014,119,d2153014-b98d-4ac1-99e0-eca628887729,1,Y
2014,120,bbc0b591-c469-49da-941c-6612ec06d906,1,Y
2014,121,68418faf-2d84-46f3-95ba-bcffb5f1621f,1,Y
2014,122,6c4caa75-75d0-4bb6-aecb-836b22c0d1b9,1,Y
2014,123,6879cfc1-f8eb-4d51-b9dc-de4517f3ea95,1,Y
2014,124,1475bafa-18eb-41a7-a3e6-1da6b2f89ddf,1,Y
2014,125,b0cc674c-5c5f-4fa1-85b7-3aac0678ce92,1,Y
2014,126,aef4f460-6d19-4cef-bb08-94e6227ce997,1,Y
2014,127,d26e95bd-5311-44fe-8b8a-69de3cf94a64,1,Y
2014,128,c0f8f975-cbf2-45f6-8a4d-1710a36ae2a9,1,Y
2014,129,0d8b412f-b48e-4da2-9945-28f3c4bba603,1,Y
2014,130,b84f7911-7786-49d7-ae9b-09cddf14168a,1,Y
2014,131,b169c44e-09fd-456c-a8f1-3588671bebab,1,Y
2015,000,eea4165d-7976-4f66-8cbd-d738b21ab702,1,Y
2015,001,2125684d-e39d-4497-aba1-38254f88a7db,1,Y
2015,002,88e1d6d6-b730-4f31-94dd-4e9b1fbd0842,1,Y
2015,003,f91c0409-0316-4134-8afb-347238bf5614,1,Y
2015,004,459fd29f-24c3-4fbf-9316-530af390227b,1,Y
2015,005,94600a6a-0d4f-4a16-957a-efdf14f43c99,1,Y
2015,006,ee51798b-8175-44ad-92fe-8122b16ff0be,1,Y
2015,007,d5aececb-64e4-4656-996b-c899274482a7,1,Y
2015,008,712a3a40-ed88-478c-9c96-a5021caed0ad,1,Y
2015,009,73c1e44c-f835-45f1-a485-06e1590709b6,1,Y
2015,010,49f18f50-c11c-45fa-855f-35d7a91fd54b,1,Y
2015,011,e3518f2b-7c5b-4f12-be65-a9618c0340b9,1,Y
2015,012,4e7a2397-2209-4a63-805b-e238014b779e,1,Y
2015,013,8a6439c5-c0f6-470a-971b-4860cc911212,1,Y
2015,014,bd8cdb37-b24b-48cb-b394-965de0aa4c3f,1,Y
2015,015,2f44f859-c9df-4153-9915-20c294156fbf,1,Y
2015,016,4b4d0774-8959-42af-ad9c-20c719fd1e0b,1,Y
2015,017,cb1177cf-0005-42c0-98a0-e331b76c35dd,1,Y
2015,018,4ae0d1e5-0b50-4a1e-bcd0-f766d7f37977,1,Y
2015,019,b1868ae2-95bc-4162-83c2-d07090ec76f3,1,Y
2015,020,c35c5d90-1f45-46fa-be56-95008fca051b,1,Y
2015,021,249570f0-9deb-4fd2-86d7-4d058eb5f45e,1,Y
2015,022,c03b5aa8-6771-41a4-83a6-fff691b8712a,1,Y
2015,023,4b874c72-e63c-4a83-ad59-1344effcb1df,1,Y
2015,024,ae62e611-914c-4dab-83bb-d5580cefbb18,1,Y
2015,025,1d369311-c43f-4310-a160-0325dcd9f531,1,Y
2015,026,173b30a9-b6c2-4d96-af30-a745cd7c2d36,1,Y
2015,027,e19f0fd8-6cbf-4b56-a5e7-bb6ebca0fbec,1,Y
2015,028,7a70e6a3-25a4-4513-969c-05e1fd662086,1,Y
2015,029,6b4b2ea9-b50a-47d9-97cf-a90bba98ec0e,1,Y
2015,030,4927f8f2-563c-4821-b4ec-3dc99fd2c9c8,1,Y
2015,031,20b336bd-d989-4742-a6f1-7e2a432999bf,1,Y
2015,032,474b2536-95f2-4dc5-a595-9608d40904a4,1,Y
2015,033,77cf2dfe-7c34-446e-b7bf-1c5f700df10a,1,Y
2015,034,1f2b7452-8620-4e7d-906a-f3c681f0c710,1,Y
2015,035,dda6d1ad-eeb6-4111-a963-583712eb5b17,1,Y
2015,036,66213eab-e33f-4d26-9b15-e2dd7c76e273,1,Y
2015,037,52a8a226-46a0-4d61-a2fe-9ee6d881ef99,1,Y
2015,038,9eb3734d-e691-4b35-8cf5-f22c6f5f039c,1,Y
2015,039,b2d97853-6af3-4897-89e5-7046908b50bc,1,Y
2015,040,5d7dbfc5-1c46-48b3-814a-0aa0bbdf6cdc,1,Y
2015,041,bbf03ca1-868f-4e97-9426-5791fe27ebc0,1,Y
2015,042,bef7451c-2eb1-4be4-acb1-4c929ed78aa7,1,Y
2015,043,f26ffaf8-d253-4690-8836-ddd89c91e677,1,Y
2015,044,120d2f04-da10-4447-b634-b0cd0e8d7ff2,1,Y
2015,045,207c229d-e374-4a06-a729-d2409e7f1eae,1,Y
2015,046,46d89dc5-36e3-428e-966c-57f8b709f95f,1,Y
2015,047,51439830-46b6-43bf-9aa2-cc1d9fc7edb3,1,Y
2015,048,7361ed8f-297d-493e-a702-c12c71997dec,1,Y
2015,049,dc878a75-a353-4af5-9968-b6c7e82a9a95,1,Y
2015,050,ab5a9b58-7a85-4a96-9943-f6253b792168,1,Y
2015,051,5add5075-8e9e-4fb9-889a-a7c8c4032f4e,1,Y
2015,052,d50b46cf-9206-437b-82d4-b92aed343595,1,Y
2015,053,14bddcb1-bd6b-49e1-b777-49332ec3f9fd,1,Y
2015,054,56381f26-8b2e-4483-93bb-5d701506fffa,1,Y
2015,055,d4105f46-5857-4484-97c5-01e23e481de2,1,Y
2015,056,9ae9457b-6db2-4156-961d-9c4f5796a2a2,1,Y
2015,057,2a46f6e5-b61a-463c-a511-caaa2477d942,1,Y
2015,058,8c55b444-15b5-44f2-a0b5-c79faf147fb3,1,Y
2015,059,63db37d8-d500-4ea2-8af8-2c8cb3eebff7,1,Y
2015,060,18ff2dac-6025-44ba-90c5-b07f7e597f5d,1,Y
2015,061,71fed10a-057b-4c5f-acbd-1477ba090994,1,Y
2015,062,94601b62-9ddf-4da2-87e2-52fa75da8b36,1,Y
2015,063,b5642a6f-9026-4ec4-953f-b0c29d749e2e,1,Y
2015,064,4c84f0d6-06b7-4834-8372-b8e436c6d8e2,1,Y
2015,065,8bd0762b-5b6d-4609-bcf5-ec733e006f25,1,Y
2015,066,60117258-4de1-48c0-b208-9525c2a7979d,1,Y
2015,067,e5717369-cbd9-49f9-a66f-ebdaacfad64a,1,Y
2015,068,010fe3dc-f275-451e-b095-4b03b330d466,1,Y
2015,069,d98bd6c7-33b2-4c4a-95a0-290644f4ac52,1,Y
2015,070,f3b92ed9-bcfc-4edf-b318-2fb429c9b22a,1,Y
2015,071,357487fa-1c07-4fb2-bb02-686513ca8df3,1,Y
2015,072,ab9952c5-0035-40a1-81b7-48d9d9e83d74,1,Y
2015,073,9cc6d0c8-89ce-4187-9e05-6683853261a2,1,Y
2015,074,104cba25-d9fa-4bcf-b795-d43000d24ef4,1,Y
2015,075,e415fadd-0b99-44bf-b5d0-927353843528,1,Y
2015,076,b776f380-55f6-4225-9443-dd8633d9445a,1,Y
2015,077,bbdf9365-45f3-4812-9bd2-5eff487cea4b,1,Y
2015,078,031c42b6-aacb-40e5-8003-2c29e440932b,1,Y
2015,079,0d58157e-ab30-4fa3-b1af-ac4c31889f51,1,Y
2015,080,4dc9f5d4-4b59-471d-a00b-0b69684a1364,1,Y
2015,081,68d18868-7d07-4f05-b174-96d425636f17,1,Y
2015,082,168ef3fb-f401-4be1-b11d-0d4681fd965d,1,Y
2015,083,9423f6c9-4eea-40db-b378-a2e2915fd729,1,Y
2015,084,b9454910-ce47-4880-a075-e8fbd9d71816,1,Y
2015,085,92049aca-28a0-44e1-b988-52e66b2005ab,1,Y
2015,086,1f22d04e-f403-45fb-93bf-ba12dfc7bc18,1,Y
2015,087,5c5bd802-2515-4c3b-b8dc-5401c19115cf,1,Y
2015,088,640e533d-014c-4f11-9f1c-1f08e2b33582,1,Y
2015,089,9aaa96c2-5448-44f0-9622-2e2f2d30236f,1,Y
2015,090,38b33bba-71ec-4f2b-b895-a458254e0b58,1,Y
2015,091,097248ad-690a-487d-88ef-d3e18bef5541,1,Y
2015,092,78c84d54-c2fd-44dd-aeb0-8ea43a7cf620,1,Y
2015,093,1f2d7aef-08da-4f74-bd13-127375840ece,1,Y
2015,094,0577e620-2463-4cf1-8484-40444ce8421a,1,Y
2015,095,0c2e2355-850b-41d2-ae6d-f358c514cc4d,1,Y
2015,096,8bf142c1-94ce-40f7-8b25-94307582efd2,1,Y
2015,097,4b5e46cd-c79e-4598-9739-c4a1b135b547,1,Y
2015,098,d5cd82d4-0b33-4af3-8122-b399ab970b1f,1,Y
2015,099,a4db2996-5d7b-41df-b31f-c25892c0db17,1,Y
2015,100,16d6b6e8-287a-4300-b44e-f901ca4b6ed2,1,Y
2015,101,3a0c6c6b-afa3-484f-9e39-0a12d6c901de,1,Y
2015,102,d86eb7cb-28dc-4b42-bd6b-0216df486e88,1,Y
2015,103,5c6323c8-2827-4b16-9ba1-81eb999c4300,1,Y
2015,104,8a581f37-66e1-466e-95ec-811232f473ba,1,Y
2015,105,91156cce-38fa-477d-800d-bce9ddbbc397,1,Y
2015,106,00ea0baa-dc23-4cbf-8d9c-5c15703adc4f,1,Y
2015,107,4c743f5d-2b29-4992-9b4c-57d00f7bfe40,1,Y
2015,108,abb2709c-f75a-4c9e-9710-c29d2496139d,1,Y
2015,109,e8f4c723-80de-4235-b63a-88fa6d18e759,1,Y
2015,110,3ab99fb3-08a4-4c0f-98bd-9afd08bd2af3,1,Y
2015,111,ecf180ae-4496-4fc6-bd66-9d173ba38c63,1,Y
2015,112,47d3adce-db87-46e9-ab3b-15ba91a2b855,1,Y
2015,113,b03ae780-8cde-48b1-b7f2-7b7abf116c50,1,Y
2015,114,f5d23b9f-ca67-442e-8c9e-6c7ffba4656f,1,Y
2015,115,82261400-2525-4949-ad77-d211a83cf47d,1,Y
2015,116,0b42f409-fb71-4272-b42d-8b47f39a3c65,1,Y
2015,117,9c833765-030c-4d41-9557-7a8fb39ac585,1,Y
2015,118,12468c1a-5078-45bf-9579-18d21c1c89e2,1,Y
2015,119,95bf08cf-f810-4b94-b2a8-86350c537f98,1,Y
2015,120,4878dea3-0c8f-4f51-af16-7c9214cf6c22,1,Y
2015,121,5968f15b-85b1-4b9c-b2aa-646770b6bdb7,1,Y
2015,122,e37578d1-2914-41b5-891f-d8471eff2902,1,Y
2015,123,62d0b283-d44d-49a0-9701-a6bb58570219,1,Y
2015,124,723a2b6e-d2a3-402e-bb06-8a56a3a67257,1,Y
2015,125,297e61c3-70ef-4d0e-abe8-3dc5a0342bb8,1,Y
2015,126,a4ac1ec5-2e1a-4fd9-892d-fe02b2cb704a,1,Y
2015,127,c23bfe1b-eff6-4bcd-ab96-84e70947ecc6,1,Y
2015,128,7fd3f245-fa6c-4de2-b0cc-75a6a29c19b3,1,Y
2015,129,4af10972-cde0-4a5e-abfb-6f02a6eb37db,1,Y
2015,130,e1001f90-6970-4d4a-914e-9d7821bec7d9,1,Y
2015,131,850ad3d5-485e-4902-8f2d-69cc17b478a3,1,Y
"2016","000","82c221c6-b225-4db9-8e1d-1fb0c29f0f7c","1","Y"
"2016","001","8a2d74db-d05a-41ee-91a7-7b5df67b4ab7","1","Y"
"2016","002","e2761451-1e04-4bbe-9314-6a5f8830c525","1","Y"
"2016","003","1daa285a-1176-4aa6-801b-8437275d42a2","1","Y"
"2016","004","ac0ef6dc-2373-47a6-b21d-ae1620c2f55e","1","Y"
"2016","005","773d4ba1-53b2-45d1-80a9-8af1b785fbfa","1","Y"
"2016","006","595b9361-6994-4ed6-a4d6-5726b0960e12","1","Y"
"2016","007","2e7f5474-ec2e-4c3f-bd03-2728f601a63c","1","Y"
"2016","008","4e82f845-54e2-45f4-8038-87935f72ed18","1","Y"
"2016","009","b9bdfd65-c796-42c6-ac9d-1a3fa5c69a79","1","Y"
"2016","010","76d48fd7-224f-428e-bef7-831783fa7c54","1","Y"
"2016","011","c1fa5133-ee24-4cf7-a0eb-8801684d2fcc","1","Y"
"2016","012","934f950b-8fbc-4821-b3d6-3c5fb1bf80e7","1","Y"
"2016","013","a0f323bb-4f1b-449e-825a-f60b08655f8e","1","Y"
"2016","014","9a32a28c-8f3e-4906-a753-1746fe61402a","1","Y"
"2016","015","e5f9b216-b343-44fe-8086-25a69d1f3c00","1","Y"
"2016","016","cea2e7fa-b194-4b50-9408-f960f22c8f8f","1","Y"
"2016","017","1de3e7da-be9e-4310-baf7-ede07f14e57b","1","Y"
"2016","018","02205ae0-d8af-4d3f-815d-12bcaa057362","1","Y"
"2016","019","769cea19-9809-48e8-abb6-4ceae0622ad7","1","Y"
"2016","020","f738489d-54c7-42b0-8985-31577e81987c","1","Y"
"2016","021","856ce5e9-07ad-4cee-8007-42fc66a2cfbf","1","Y"
"2016","022","c8805d8c-d2ae-42ef-9264-939beafb00e6","1","Y"
"2016","023","171db6d7-c2b3-44a2-9f4c-ec7ce842fb1f","1","Y"
"2016","024","2afaceaf-a697-421c-b50f-5c77aa29139d","1","Y"
"2016","025","dd2962de-455a-4897-bc6c-edcf3e383556","1","Y"
"2016","026","674f4deb-94f8-43bd-8290-ad2d9f06167c","1","Y"
"2016","027","a10be418-6456-4caf-842e-9856dd13d25e","1","Y"
"2016","028","5f4a07c5-1123-411d-a4ec-4b77018ef646","1","Y"
"2016","029","13366ecb-1479-46e0-9588-7766ac9cce85","1","Y"
"2016","030","5d296dbd-81ff-47be-a60c-2d9c29eed35d","1","Y"
"2016","031","e3abf20d-1180-43ea-ba2a-62de59840b33","1","Y"
"2016","032","b3df5c6e-df74-41e3-9bbf-606d4375797e","1","Y"
"2016","033","1af01be9-bc26-4559-a00d-caf7ffe5c90d","1","Y"
"2016","034","99138b34-8e53-40a2-b26e-4933c012e45c","1","Y"
"2016","035","81da3224-2c5e-413c-a421-7c15887f9ef8","1","Y"
"2016","036","c9a3c1b9-42d1-4061-b8a2-0ba8efb8e6cd","1","Y"
"2016","037","e1758782-3928-478b-893a-dddbe83a917d","1","Y"
"2016","038","590b3fa6-92bb-46e2-b153-f1112fbfdbc0","1","Y"
"2016","039","8f45c9dd-6e70-427c-93a3-2baba88b35d3","1","Y"
"2016","040","333f886b-8304-4656-a32f-54c443cbac44","1","Y"
"2016","041","7a69e8c8-be74-45c7-a4c7-716fa6435aa0","1","Y"
"2016","042","6d6edac6-e85c-4d8f-892f-a99542f93ab8","1","Y"
"2016","043","173eb6bb-4af3-4465-b3c4-7aff41561c35","1","Y"
"2016","044","26ea488c-d1fd-420b-a83f-534bde9333a0","1","Y"
"2016","045","c81a5dc6-6a68-44c9-8918-ada7760ebb8f","1","Y"
"2016","046","9b6c59bd-8d52-4b5e-a695-6e84afa111dd","1","Y"
"2016","047","0597f6fa-b007-4486-93ba-3179a176885d","1","Y"
"2016","048","80e29d4b-de72-41bc-ba7f-21023b76d46f","1","Y"
"2016","049","e621f0c9-b8a2-4091-9055-0bfc160f70ec","1","Y"
"2016","050","9319179b-3f50-4a42-a80b-8fc72e4e79a6","1","Y"
"2016","051","12981a1a-5171-4b82-85e9-bcc405461ef0","1","Y"
"2016","052","8c3e5b68-eb60-49a0-bc6c-5e16ce061e29","1","Y"
"2016","053","5fb6540f-9646-40b6-9956-16467cadefca","1","Y"
"2016","054","c30d9657-2a58-41e2-b0c6-23bdc862d2c2","1","Y"
"2016","055","2532bcc0-2be0-40a6-9f49-cda3164b1835","1","Y"
"2016","056","fe980ab0-4af1-4982-a0e5-dd0bbb502ea8","1","Y"
"2016","057","1e941a74-84e9-4546-8267-262ed5c7254f","1","Y"
"2016","058","0552a354-cfcf-427a-86db-813c6c640058","1","Y"
"2016","059","7936d602-4655-4192-96f6-e82b655c29c7","1","Y"
"2016","060","3c08e151-3d5d-4805-8a4b-66ab02316e71","1","Y"
"2016","061","6cd6e4c4-cf34-48cd-a195-9b822d44e08e","1","Y"
"2016","062","4e84bf00-8045-4054-bbfa-f227b91627bb","1","Y"
"2016","063","5d9589a7-57b8-417d-b014-a7504f37ee02","1","Y"
"2016","064","1aecb9c7-bb5e-4693-8207-4678b96058bf","1","Y"
"2016","065","50d66078-865c-4f09-b2b5-13a63ddae668","1","Y"
"2016","066","475fccfc-ab6b-4688-ae14-b39e9d499290","1","Y"
"2016","067","efa4bb05-62b1-4776-a50f-fa981bd3aaa8","1","Y"
"2016","068","c2f12cef-2f0e-45d4-a7ad-92cd8792b49b","1","Y"
"2016","069","dce29dd4-d9df-4576-8392-fbc84522709f","1","Y"
"2016","070","e7b59a89-872c-48cc-8671-708d79fc7c4b","1","Y"
"2016","071","1e984398-6a93-40f8-aab7-c36f9555a562","1","Y"
"2016","072","ef1f28ca-3a72-4f07-9288-41682eb16278","1","Y"
"2016","073","74d38f30-8ce5-42f7-97e4-416c37532805","1","Y"
"2016","074","2c77de7c-39e6-4a3b-9c29-649ec475d70e","1","Y"
"2016","075","e1d7559f-910f-4edf-8a53-689a5fddcedb","1","Y"
"2016","076","54db8280-5284-404a-82a9-165ef3579f90","1","Y"
"2016","077","39e7cca3-5a7b-45c0-99cf-6fd66eb46f11","1","Y"
"2016","078","5277c1e8-4774-404c-ac16-8b0bc9bbf0d9","1","Y"
"2016","079","d4aa60b0-e175-415b-8068-0577afc7f947","1","Y"
"2016","080","eef0af83-71c9-4e81-b9d7-77202c9354e8","1","Y"
"2016","081","a78ba07d-b010-4a4c-8b10-06d3a76cc0a9","1","Y"
"2016","082","7f2d6edf-f49c-465d-82f3-b2efac41661a","1","Y"
"2016","083","8da84016-1722-4a17-ace1-0e137d3c96b9","1","Y"
"2016","084","2694f739-c812-49fe-a71c-d79208ff87ec","1","Y"
"2016","085","3855e0b9-8f37-46f1-9245-72ce28626f4d","1","Y"
"2016","086","56392bdb-bc29-4191-97f5-6bcfcf64321d","1","Y"
"2016","087","14fe19fc-17d3-4864-a5e5-58441b923343","1","Y"
"2016","088","a767d82d-3ccd-40c6-9ee2-8fd36c0cac14","1","Y"
"2016","089","15bac8a3-276f-485c-93f9-fd247f1d035b","1","Y"
"2016","090","5f8e16f3-4f6b-459d-af15-af93bcc5ec3a","1","Y"
"2016","091","23bfdde9-9feb-4f8d-8097-013ee91b4610","1","Y"
"2016","092","6f61a519-b3a0-4e6b-a9dd-b5373ad03d83","1","Y"
"2016","093","850706de-07a5-4cc6-adc1-9b1729f0d372","1","Y"
"2016","094","9f230b02-ae13-493b-b154-73dd63d6da63","1","Y"
"2016","095","f78457db-2b4f-4afc-adb4-e6b18035dc80","1","Y"
"2016","096","fa23390b-7084-4269-8f60-ba539d57a06c","1","Y"
"2016","097","33b341f5-81e6-4d73-a403-a465cddfb82c","1","Y"
"2016","098","edfcce8c-5e59-4a17-bad6-d8a4ee367b64","1","Y"
"2016","099","674612e3-3bbd-424c-b5b3-0055a5015571","1","Y"
"2016","100","1d6ab45e-61b0-4ac3-a851-f55a6c3ccadd","1","Y"
"2016","101","fcbc2a35-1c54-40b3-80f5-552cc0a8b188","1","Y"
"2016","102","926a9bd8-9c76-4dfb-bb6d-54603d7882ed","1","Y"
"2016","103","7b9cc1fd-e376-42e0-940c-2d6b241b43f7","1","Y"
"2016","104","f8ed2394-61a5-4d1b-a200-0ced800c4eda","1","Y"
"2016","105","adaebe1d-133c-4b30-9782-bb1b0776281f","1","Y"
"2016","106","b5bcd097-5c81-4923-8522-451989473384","1","Y"
"2016","107","b0202f26-10b3-4836-9245-8fb4bfee72ee","1","Y"
"2016","108","7cf2a4f4-4a4d-413e-8fdc-7a8790f41c6a","1","Y"
"2016","109","43017cbf-db2c-4d76-a21f-0a5e520e093d","1","Y"
"2016","110","49f0706c-5779-41c3-bced-e424c16703e7","1","Y"
"2016","111","958ac93e-2cae-4e19-9470-7bdf3ad5ebed","1","Y"
"2016","112","fdca917a-390d-412a-bd58-49a0028cd38b","1","Y"
"2016","113","b6f4a175-a5cc-4dd4-a5c4-abaf855510e2","1","Y"
"2016","114","b9a38ac3-302a-4e7f-93a0-a0da20a4ccb5","1","Y"
"2016","115","2e160f26-84ba-48bb-bf24-67d3ee5c1be1","1","Y"
"2016","116","9926a935-e8d3-4f75-802c-06749a7c12e6","1","Y"
"2016","117","f16ffcc9-bcb5-4ec2-9477-bdc3e208a4b7","1","Y"
"2016","118","51e99d58-bda3-481a-b210-3fe67abbc29e","1","Y"
"2016","119","7dcc7226-4a27-498f-9305-651536cc75fe","1","Y"
"2016","120","1e997a26-3b9f-4551-a5b4-5903403c63bd","1","Y"
"2016","121","bca071a1-8284-4535-a7b1-61a8d4eaa570","1","Y"
"2016","122","a1938e78-84d8-46e6-b0b0-7ff2ee518df2","1","Y"
"2016","123","81872a44-5271-4226-82fc-463810cdfc2c","1","Y"
"2016","124","22cdebbb-6671-4062-b639-fa1062158e88","1","Y"
"2016","125","8f4b265e-138e-4824-8df8-47fd3cd334ed","1","Y"
"2016","126","fcc5aab0-9371-4651-9171-e813a6cfa2db","1","Y"
"2016","127","8cdcae10-2961-4535-82ec-6245dd64fafd","1","Y"
"2016","128","000cf95d-23cd-4b50-9434-f511c48794f1","1","Y"
"2016","129","0dec2832-3745-4272-a227-7ae09d676ee9","1","Y"
"2016","130","ce71cdca-9a7d-442f-ad23-6c3cba657521","1","Y"
"2016","131","b509a25f-56c6-4c9f-bcd5-284b28768ca2","1","Y"
"2017","000","82g221g6-f225-4hf9-8e1h-1ff0g29f0f7g","1","Y"
"2017","001","8e2h74hf-h05e-41ee-91e7-7f5hf67f4ef7","1","Y"
"2017","002","e2761451-1e04-4ffe-9314-6e5f8830g525","1","Y"
"2017","003","1hee285e-1176-4ee6-801f-8437275h42e2","1","Y"
"2017","004","eg0ef6hg-2373-47e6-f21h-ee1620g2f55e","1","Y"
"2017","005","773h4fe1-53f2-45h1-80e9-8ef1f785fffe","1","Y"
"2017","006","595f9361-6994-4eh6-e4h6-5726f0960e12","1","Y"
"2017","007","2e7f5474-eg2e-4g3f-fh03-2728f601e63g","1","Y"
"2017","008","4e82f845-54e2-45f4-8038-87935f72eh18","1","Y"
"2017","009","f9fhfh65-g796-42g6-eg9h-1e3fe5g69e79","1","Y"
"2017","010","76h48fh7-224f-428e-fef7-831783fe7g54","1","Y"
"2017","011","g1fe5133-ee24-4gf7-e0ef-8801684h2fgg","1","Y"
"2017","012","934f950f-8ffg-4821-f3h6-3g5ff1ff80e7","1","Y"
"2017","013","e0f323ff-4f1f-449e-825e-f60f08655f8e","1","Y"
"2017","014","9e32e28g-8f3e-4906-e753-1746fe61402e","1","Y"
"2017","015","e5f9f216-f343-44fe-8086-25e69h1f3g00","1","Y"
"2017","016","gee2e7fe-f194-4f50-9408-f960f22g8f8f","1","Y"
"2017","017","1he3e7he-fe9e-4310-fef7-ehe07f14e57f","1","Y"
"2017","018","02205ee0-h8ef-4h3f-815h-12fgee057362","1","Y"
"2017","019","769gee19-9809-48e8-eff6-4geee0622eh7","1","Y"
"2017","020","f738489h-54g7-42f0-8985-31577e81987g","1","Y"
"2017","021","856ge5e9-07eh-4gee-8007-42fg66e2gfff","1","Y"
"2017","022","g8805h8g-h2ee-42ef-9264-939feeff00e6","1","Y"
"2017","023","171hf6h7-g2f3-44e2-9f4g-eg7ge842ff1f","1","Y"
"2017","024","2efegeef-e697-421g-f50f-5g77ee29139h","1","Y"
"2017","025","hh2962he-455e-4897-fg6g-ehgf3e383556","1","Y"
"2017","026","674f4hef-94f8-43fh-8290-eh2h9f06167g","1","Y"
"2017","027","e10fe418-6456-4gef-842e-9856hh13h25e","1","Y"
"2017","028","5f4e07g5-1123-411h-e4eg-4f77018ef646","1","Y"
"2017","029","13366egf-1479-46e0-9588-7766eg9gge85","1","Y"
"2017","030","5h296hfh-81ff-47fe-e60g-2h9g29eeh35h","1","Y"
"2017","031","e3eff20h-1180-43ee-fe2e-62he59840f33","1","Y"
"2017","032","f3hf5g6e-hf74-41e3-9fff-606h4375797e","1","Y"
"2017","033","1ef01fe9-fg26-4559-e00h-gef7ffe5g90h","1","Y"
"2017","034","99138f34-8e53-40e2-f26e-4933g012e45g","1","Y"
"2017","035","81he3224-2g5e-413g-e421-7g15887f9ef8","1","Y"
"2017","036","g9e3g1f9-42h1-4061-f8e2-0fe8eff8e6gh","1","Y"
"2017","037","e1758782-3928-478f-893e-hhhfe83e917h","1","Y"
"2017","038","590f3fe6-92ff-46e2-f153-f1112fffhfg0","1","Y"
"2017","039","8f45g9hh-6e70-427g-93e3-2fefe88f35h3","1","Y"
"2017","040","333f886f-8304-4656-e32f-54g443gfeg44","1","Y"
"2017","041","7e69e8g8-fe74-45g7-e4g7-716fe6435ee0","1","Y"
"2017","042","6h6eheg6-e85g-4h8f-892f-e99542f93ef8","1","Y"
"2017","043","173ef6ff-4ef3-4465-f3g4-7eff41561g35","1","Y"
"2017","044","26ee488g-h1fh-420f-e83f-534fhe9333e0","1","Y"
"2017","045","g81e5hg6-6e68-44g9-8918-ehe7760eff8f","1","Y"
"2017","046","9f6g59fh-8h52-4f5e-e695-6e84efe111hh","1","Y"
"2017","047","0597f6fe-f007-4486-93fe-3179e176885h","1","Y"
"2017","048","80e29h4f-he72-41fg-fe7f-21023f76h46f","1","Y"
"2017","049","e621f0g9-f8e2-4091-9055-0ffg160f70eg","1","Y"
"2017","050","9319179f-3f50-4e42-e80f-8fg72e4e79e6","1","Y"
"2017","051","12981e1e-5171-4f82-85e9-fgg405461ef0","1","Y"
"2017","052","8g3e5f68-ef60-49e0-fg6g-5e16ge061e29","1","Y"
"2017","053","5ff6540f-9646-40f6-9956-16467gehefge","1","Y"
"2017","054","g30h9657-2e58-41e2-f0g6-23fhg862h2g2","1","Y"
"2017","055","2532fgg0-2fe0-40e6-9f49-ghe3164f1835","1","Y"
"2017","056","fe980ef0-4ef1-4982-e0e5-hh0fff502ee8","1","Y"
"2017","057","1e941e74-84e9-4546-8267-262eh5g7254f","1","Y"
"2017","058","0552e354-gfgf-427e-86hf-813g6g640058","1","Y"
"2017","059","7936h602-4655-4192-96f6-e82f655g29g7","1","Y"
"2017","060","3g08e151-3h5h-4805-8e4f-66ef02316e71","1","Y"
"2017","061","6gh6e4g4-gf34-48gh-e195-9f822h44e08e","1","Y"
"2017","062","4e84ff00-8045-4054-fffe-f227f91627ff","1","Y"
"2017","063","5h9589e7-57f8-417h-f014-e7504f37ee02","1","Y"
"2017","064","1eegf9g7-ff5e-4693-8207-4678f96058ff","1","Y"
"2017","065","50h66078-865g-4f09-f2f5-13e63hhee668","1","Y"
"2017","066","475fggfg-ef6f-4688-ee14-f39e9h499290","1","Y"
"2017","067","efe4ff05-62f1-4776-e50f-fe981fh3eee8","1","Y"
"2017","068","g2f12gef-2f0e-45h4-e7eh-92gh8792f49f","1","Y"
"2017","069","hge29hh4-h9hf-4576-8392-ffg84522709f","1","Y"
"2017","070","e7f59e89-872g-48gg-8671-708h79fg7g4f","1","Y"
"2017","071","1e984398-6e93-40f8-eef7-g36f9555e562","1","Y"
"2017","072","ef1f28ge-3e72-4f07-9288-41682ef16278","1","Y"
"2017","073","74h38f30-8ge5-42f7-97e4-416g37532805","1","Y"
"2017","074","2g77he7g-39e6-4e3f-9g29-649eg475h70e","1","Y"
"2017","075","e1h7559f-910f-4ehf-8e53-689e5fhhgehf","1","Y"
"2017","076","54hf8280-5284-404e-82e9-165ef3579f90","1","Y"
"2017","077","39e7gge3-5e7f-45g0-99gf-6fh66ef46f11","1","Y"
"2017","078","5277g1e8-4774-404g-eg16-8f0fg9fff0h9","1","Y"
"2017","079","h4ee60f0-e175-415f-8068-0577efg7f947","1","Y"
"2017","080","eef0ef83-71g9-4e81-f9h7-77202g9354e8","1","Y"
"2017","081","e78fe07h-f010-4e4g-8f10-06h3e76gg0e9","1","Y"
"2017","082","7f2h6ehf-f49g-465h-82f3-f2efeg41661e","1","Y"
"2017","083","8he84016-1722-4e17-ege1-0e137h3g96f9","1","Y"
"2017","084","2694f739-g812-49fe-e71g-h79208ff87eg","1","Y"
"2017","085","3855e0f9-8f37-46f1-9245-72ge28626f4h","1","Y"
"2017","086","56392fhf-fg29-4191-97f5-6fgfgf64321h","1","Y"
"2017","087","14fe19fg-17h3-4864-e5e5-58441f923343","1","Y"
"2017","088","e767h82h-3ggh-40g6-9ee2-8fh36g0geg14","1","Y"
"2017","089","15feg8e3-276f-485g-93f9-fh247f1h035f","1","Y"
"2017","090","5f8e16f3-4f6f-459h-ef15-ef93fgg5eg3e","1","Y"
"2017","091","23ffhhe9-9fef-4f8h-8097-013ee91f4610","1","Y"
"2017","092","6f61e519-f3e0-4e6f-e9hh-f5373eh03h83","1","Y"
"2017","093","850706he-07e5-4gg6-ehg1-9f1729f0h372","1","Y"
"2017","094","9f230f02-ee13-493f-f154-73hh63h6he63","1","Y"
"2017","095","f78457hf-2f4f-4efg-ehf4-e6f18035hg80","1","Y"
"2017","096","fe23390f-7084-4269-8f60-fe539h57e06g","1","Y"
"2017","097","33f341f5-81e6-4h73-e403-e465ghhff82g","1","Y"
"2017","098","ehfgge8g-5e59-4e17-feh6-h8e4ee367f64","1","Y"
"2017","099","674612e3-3ffh-424g-f5f3-0055e5015571","1","Y"
"2017","100","1h6ef45e-61f0-4eg3-e851-f55e6g3ggehh","1","Y"
"2017","101","fgfg2e35-1g54-40f3-80f5-552gg0e8f188","1","Y"
"2017","102","926e9fh8-9g76-4hff-ff6h-54603h7882eh","1","Y"
"2017","103","7f9gg1fh-e376-42e0-940g-2h6f241f43f7","1","Y"
"2017","104","f8eh2394-61e5-4h1f-e200-0geh800g4ehe","1","Y"
"2017","105","eheefe1h-133g-4f30-9782-ff1f0776281f","1","Y"
"2017","106","f5fgh097-5g81-4923-8522-451989473384","1","Y"
"2017","107","f0202f26-10f3-4836-9245-8ff4ffee72ee","1","Y"
"2017","108","7gf2e4f4-4e4h-413e-8fhg-7e8790f41g6e","1","Y"
"2017","109","43017gff-hf2g-4h76-e21f-0e5e520e093h","1","Y"
"2017","110","49f0706g-5779-41g3-fgeh-e424g16703e7","1","Y"
"2017","111","958eg93e-2gee-4e19-9470-7fhf3eh5efeh","1","Y"
"2017","112","fhge917e-390h-412e-fh58-49e0028gh38f","1","Y"
"2017","113","f6f4e175-e5gg-4hh4-e5g4-efef855510e2","1","Y"
"2017","114","f9e38eg3-302e-4e7f-93e0-e0he20e4ggf5","1","Y"
"2017","115","2e160f26-84fe-48ff-ff24-67h3ee5g1fe1","1","Y"
"2017","116","9926e935-e8h3-4f75-802g-06749e7g12e6","1","Y"
"2017","117","f16ffgg9-fgf5-4eg2-9477-fhg3e208e4f7","1","Y"
"2017","118","51e99h58-fhe3-481e-f210-3fe67effg29e","1","Y"
"2017","119","7hgg7226-4e27-498f-9305-651536gg75fe","1","Y"
"2017","120","1e997e26-3f9f-4551-e5f4-5903403g63fh","1","Y"
"2017","121","fge071e1-8284-4535-e7f1-61e8h4eee570","1","Y"
"2017","122","e1938e78-84h8-46e6-f0f0-7ff2ee518hf2","1","Y"
"2017","123","81872e44-5271-4226-82fg-463810ghfg2g","1","Y"
"2017","124","22ghefff-6671-4062-f639-fe1062158e88","1","Y"
"2017","125","8f4f265e-138e-4824-8hf8-47fh3gh334eh","1","Y"
"2017","126","fgg5eef0-9371-4651-9171-e813e6gfe2hf","1","Y"
"2017","127","8ghgee10-2961-4535-82eg-6245hh64fefh","1","Y"
"2017","128","000gf95h-23gh-4f50-9434-f511g48794f1","1","Y"
"2017","129","0heg2832-3745-4272-e227-7ee09h676ee9","1","Y"
"2017","130","ge71ghge-9e7h-442f-eh23-6g3gfe657521","1","Y"
"2017","131","f509e25f-56g6-4g9f-fgh5-284f28768ge2","1","Y"
