ROLE_PERM_ID,OBJ_ID,ROLE_ID,PERM_ID,ACTV_IND
OLE10000,OLE10000,OLE10000,OLE10004,Y
OLE10005,OLE10005,OLE10004,OLE10005,Y
OLE10006,OLE10006,OLE10004,OLE10006,Y
OLE10007,OLE10007,OLE10004,OLE10009,Y
OLE10008,OLE10008,OLE10004,OLE10011,Y
OLE10009,OLE10009,OLE10004,OLE10012,Y
OLE10010,OLE10010,OLE10004,OLE10014,Y
OLE10011,OLE10011,OLE10004,OLE10017,Y
OLE10013,OLE10013,OLE10005,OLE10005,Y
OLE10014,OLE10014,OLE10005,OLE10006,Y
OLE10015,OLE10015,OLE10005,OLE10009,Y
OLE10016,OLE10016,OLE10005,OLE10017,Y
OLE10018,OLE10018,OLE10006,OLE10005,Y
OLE10019,OLE10019,OLE10006,OLE10006,Y
OLE10020,OLE10020,OLE10006,OLE10009,Y
OLE10021,OLE10021,OLE10006,OLE10015,Y
OLE10022,OLE10022,OLE10006,OLE10017,Y
OLE10024,OLE10024,OLE10012,OLE10005,Y
OLE10025,OLE10025,OLE10012,OLE10006,Y
OLE10026,OLE10026,OLE10012,OLE10009,Y
OLE10027,OLE10027,OLE10012,OLE10014,Y
OLE10028,OLE10028,OLE10012,OLE10017,Y
OLE10031,OLE10031,OLE10014,OLE10015,Y
OLE10032,OLE10032,OLE10014,OLE10017,Y
OLE10037,OLE10037,OLE10016,OLE10014,Y
OLE10038,OLE10038,OLE10016,OLE10011,Y
OLE10039,OLE10039,OLE10016,OLE10012,Y
OLE10040,OLE10040,OLE10016,OLE10017,Y
OLE10041,OLE10041,OLE10005,OLE10023,Y
OLE10042,OLE10042,OLE10005,OLE10032,Y
OLE10043,OLE10043,OLE10012,OLE10021,Y
OLE10044,OLE10044,OLE10014,OLE10021,Y
OLE10046,OLE10046,OLE10017,OLE10017,Y
OLE10047,OLE10047,OLE10017,OLE10021,Y
OLE10048,OLE10048,OLE10017,OLE10015,Y
OLE10050,OLE10050,OLE10001,OLE10027,Y
OLE10051,OLE10051,OLE10001,OLE10022,Y
OLE10052,OLE10052,OLE10001,OLE10031,Y
OLE10053,OLE10053,OLE10001,OLE10018,Y
OLE10054,OLE10054,OLE10003,OLE10022,Y
OLE10055,OLE10055,OLE10003,OLE10032,Y
OLE10056,OLE10056,OLE10004,OLE10032,Y
OLE10057,OLE10057,OLE10004,OLE10023,Y
OLE10058,OLE10058,OLE10005,OLE10030,Y
OLE10059,OLE10059,OLE10005,OLE10008,Y
OLE10060,OLE10060,OLE10006,OLE10011,Y
OLE10061,OLE10061,OLE10006,OLE10012,Y
OLE10062,OLE10062,OLE10006,OLE10014,Y
OLE10063,OLE10063,OLE10006,OLE10026,Y
OLE10064,OLE10064,OLE10018,OLE10024,Y
OLE10065,OLE10065,OLE10000,OLE10035,Y
OLE10078,OLE10078,OLE10000,OLE10036,Y
OLE10096,OLE10096,OLE10000,OLE10041,Y
OLE10097,OLE10097,OLE10004,OLE94,Y
OLE10100,OLE10100,OLE10017,OLE10042,Y
OLE10101,OLE10101,OLE10014,OLE10042,Y
OLE10102,OLE10102,OLE10006,OLE10042,Y
OLE10103,OLE10103,OLE10012,OLE10043,Y
OLE10104,OLE10104,OLE10016,OLE10043,Y
OLE10105,OLE10105,OLE10004,OLE10043,Y
OLE10106,OLE10106,OLE54,OLE10042,Y
OLE10107,OLE10107,OLE54,OLE10017,Y
OLE10108,OLE10108,OLE10005,OLE10043,Y
OLE10152,OLE10152,OLE26,OLE10011,Y
OLE10153,OLE10153,OLE26,OLE10012,Y
OLE10154,OLE10154,OLE26,OLE10014,Y
OLESEC10109,OLESEC10109,OLE10000,OLESEC6001,Y
OLESEC10110,OLESEC10110,OLE10000,OLESEC6002,Y
OLESEC10111,OLESEC10111,OLE10000,OLESEC6003,Y
OLESEC10112,OLESEC10112,OLE10001,OLESEC6001,Y
OLESEC10113,OLESEC10113,OLE10001,OLESEC6002,Y
OLESEC10114,OLESEC10114,OLE10001,OLESEC6003,Y
OLESEC10115,OLESEC10115,OLE10002,OLESEC6001,Y
OLESEC10116,OLESEC10116,OLE10002,OLESEC6002,Y
OLESEC10117,OLESEC10117,OLE10002,OLESEC6003,Y
OLESEC10118,OLESEC10118,OLE10003,OLESEC6001,Y
OLESEC10119,OLESEC10119,OLE10003,OLESEC6002,Y
OLESEC10120,OLESEC10120,OLE10003,OLESEC6003,Y
OLESEC10121,OLESEC10121,OLE10004,OLESEC6001,Y
OLESEC10122,OLESEC10122,OLE10004,OLESEC6002,Y
OLESEC10123,OLESEC10123,OLE10004,OLESEC6003,Y
OLESEC10124,OLESEC10124,OLE10005,OLESEC6001,Y
OLESEC10125,OLESEC10125,OLE10005,OLESEC6002,Y
OLESEC10126,OLESEC10126,OLE10005,OLESEC6003,Y
OLESEC10127,OLESEC10127,OLE10006,OLESEC6001,Y
OLESEC10128,OLESEC10128,OLE10006,OLESEC6002,Y
OLESEC10129,OLESEC10129,OLE10006,OLESEC6003,Y
OLESEC10130,OLESEC10130,OLE10012,OLESEC6001,Y
OLESEC10131,OLESEC10131,OLE10012,OLESEC6002,Y
OLESEC10132,OLESEC10132,OLE10012,OLESEC6003,Y
OLESEC10133,OLESEC10133,OLE10013,OLESEC6001,Y
OLESEC10134,OLESEC10134,OLE10013,OLESEC6002,Y
OLESEC10135,OLESEC10135,OLE10013,OLESEC6003,Y
OLESEC10136,OLESEC10136,OLE10014,OLESEC6001,Y
OLESEC10137,OLESEC10137,OLE10014,OLESEC6002,Y
OLESEC10138,OLESEC10138,OLE10014,OLESEC6003,Y
OLESEC10139,OLESEC10139,OLE10016,OLESEC6001,Y
OLESEC10140,OLESEC10140,OLE10016,OLESEC6002,Y
OLESEC10141,OLESEC10141,OLE10016,OLESEC6003,Y
OLESEC10142,OLESEC10142,OLE10017,OLESEC6001,Y
OLESEC10143,OLESEC10143,OLE10017,OLESEC6002,Y
OLESEC10144,OLESEC10144,OLE10017,OLESEC6003,Y
OLESEC10145,OLESEC10145,OLE10018,OLESEC6001,Y
OLESEC10146,OLESEC10146,OLE10018,OLESEC6002,Y
OLESEC10147,OLESEC10147,OLE10018,OLESEC6003,Y
OLESEC10148,OLESEC10148,OLE44,OLESEC6001,Y
OLESEC10149,OLESEC10149,OLE44,OLESEC6002,Y
OLESEC10150,OLESEC10150,OLE44,OLESEC6003,Y
OLESEC10151,OLESEC10151,59,OLESEC6004,N
OLE10155,OLE10155,OLE62,168,Y
OLE10156,OLE10156,OLE10019,OLE10044,Y
OLE10157,OLE10157,OLE10019,OLE10045,Y
OLE10158,OLE10158,OLE10020,OLE10044,Y
OLE10159,OLE10159,OLE10020,OLE10045,Y
OLE10160,OLE10160,OLE10019,OLE10047,Y
OLE10161,OLE10161,OLE10020,OLE10047,Y
OLE10162,OLE10162,OLE10019,OLE10046,Y
OLE10163,OLE10163,OLE10016,OLE10044,Y
OLE10164,OLE10164,OLE10016,OLE10045,Y
OLE10165,OLE10165,OLE10016,OLE10047,Y
OLE10166,OLE10166,OLE10016,OLE10046,Y
OLE10167,OLE10167,OLE10016,OLE97,Y
OLE10168,OLE10168,OLE10016,OLE10050,Y
OLE10169,OLE10169,OLE10016,OLE10051,Y
OLE10170,OLE10170,OLE10016,OLE10052,Y
OLE10171,OLE10171,OLE10019,OLE97,Y
OLE10172,OLE10172,OLE10019,OLE10050,Y
OLE10173,OLE10173,OLE10019,OLE10051,Y
OLE10174,OLE10174,OLE10019,OLE10052,Y
OLE10175,OLE10175,OLE10021,OLE10053,Y
OLE10176,OLE10176,OLE10021,OLE10054,Y
OLE10177,OLE10177,OLE10020,OLE97,Y
OLE10178,OLE10178,OLE10020,OLE10050,Y
OLE10179,OLE10179,OLE10020,OLE10051,Y
OLE10180,OLE10180,OLE10020,OLE10052,Y
OLE10181,OLE10181,OLE10020,OLE10053,Y
OLE10182,OLE10182,OLE10020,OLE10054,Y
OLE10183,OLE10183,OLE10016,OLE10055,Y
OLE10184,OLE10184,OLE10019,OLE10055,Y
OLE10185,OLE10185,OLE10019,OLE10011,Y
OLE10186,OLE10186,OLE10019,OLE10014,Y
OLE10187,OLE10187,OLE10020,OLE10011,Y
OLE10188,OLE10188,OLE10020,OLE10014,Y
OLE10189,OLE10189,OLE10019,OLE10048,Y
OLE10190,OLE10190,OLE10021,OLE10056,Y
OLE10191,OLE10191,OLE10019,OLE10057,Y
OLE10192,OLE10192,OLE10016,OLE10057,Y
OLE10193,OLE10193,OLE10020,OLE10057,Y
OLE10200,OLE10200,OLE10004,OLE10060,Y
OLE10201,OLE10201,OLE10004,OLE10061,Y
OLE10202,OLE10202,OLE10004,OLE10062,Y
OLE10203,OLE10203,OLE10006,OLE10060,Y
OLE10204,OLE10204,OLE10006,OLE10061,Y
OLE10205,OLE10205,OLE10006,OLE10062,Y
OLE10207,OLE10207,OLE10006,OLE10061,Y
OLE10208,OLE10208,OLE10006,OLE10062,Y
OLE10209,OLE10209,OLE10012,OLE10060,Y
OLE10210,OLE10210,OLE10012,OLE10061,Y
OLE10211,OLE10211,OLE10012,OLE10062,Y
OLE10212,OLE10212,OLE10002,OLE10063,Y
OLE10213,OLE10213,OLE10004,OLE10064,Y
OLE10214,OLE10214,OLE10012,OLE10065,Y
OLE10215,OLE10215,OLE10012,OLE10066,Y
OLE10216,OLE10216,OLE10012,OLE10067,Y
OLE10217,OLE10217,OLE10006,OLE10066,Y
OLE10218,OLE10218,OLE10006,OLE10068,Y
OLE10219,OLE10219,OLE10006,OLE10069,Y
OLE10220,OLE10220,OLE10006,OLE10070,Y
OLE10221,OLE10221,OLE10012,OLE10068,Y
OLE10222,OLE10222,OLE10012,OLE10069,Y
OLE10223,OLE10223,OLE10012,OLE10070,Y
OLE10224,OLE10224,OLE10012,OLE94,Y
OLE10225,OLE10225,OLE10006,OLE94,Y
OLE10226,OLE10226,OLE10022,OLE10071,Y
OLE10227,OLE10227,OLE10023,OLE10071,Y
OLE10228,OLE10228,OLE10024,OLE10071,Y
OLE10229,OLE10229,OLE10012,OLE10042,Y
OLE10230,OLE10230,OLE10012,OLE10015,Y
OLE10231,OLE10231,OLE10006,OLE10066,Y
OLE10232,OLE10232,OLE10006,OLE10100,Y
OLE10233,OLE10233,OLE10003,OLE10100,Y
OLE10234,OLE10234,OLE10012,OLE10100,Y
OLE10235,OLE10235,OLE10003,OLE10108,Y
OLE10236,OLE10236,OLE10003,OLE10109,Y
OLE10237,OLE10237,OLE10012,OLE10108,Y
OLE10238,OLE10238,OLE10012,OLE10109,Y
OLE10239,OLE10239,OLE10005,OLE10108,Y
OLE10240,OLE10240,OLE10005,OLE10109,Y
OLE10241,OLE10241,OLE10006,OLE10108,Y
OLE10242,OLE10242,OLE10006,OLE10109,Y
OLE10243,OLE10243,OLE10004,OLE10108,Y
OLE10244,OLE10244,OLE62,OLE10060,Y
OLE10245,OLE10245,OLE62,OLE10061,Y
OLE10246,OLE10246,OLE62,OLE10062,Y
OLE10247,OLE10247,OLE62,OLE10071,Y
OLE10248,OLE10248,OLE10024,OLE10110,Y
OLE10249,OLE10249,OLE10024,OLE10111,Y
OLE10250,OLE10250,OLE10023,OLE10110,Y
OLE10251,OLE10251,OLE10023,OLE10111,Y
OLE10252,OLE10252,OLE10022,OLE10110,Y
OLE10253,OLE10253,OLE10022,OLE10111,Y
OLE10259,OLE10259,OLE41,OLE10060,Y
OLE10260,OLE10260,OLE41,OLE10061,Y
OLE10261,OLE10261,OLE41,OLE10062,Y
OLE10262,OLE10262,OLE41,OLE10110,Y
OLE10263,OLE10263,OLE41,OLE10111,Y
OLE10264,OLE10264,OLE41,OLE10071,Y
OLE10265,OLE10265,OLE54,OLE10100,Y
OLE10266,OLE10266,OLE54,OLE10111,Y
OLE10267,OLE10267,OLE54,OLE10071,Y
OLE10268,OLE10268,OLE54,OLE10060,Y
OLE10269,OLE10269,OLE54,OLE10061,Y
OLE10270,OLE10270,OLE54,OLE10062,Y
OLE10271,OLE10271,OLE62,OLE10110,Y
OLE10272,OLE10272,OLE62,OLE10111,Y
OLE10273,OLE10273,OLE10022,OLE10005,Y
OLE10274,OLE10274,OLE10022,OLE10006,Y
OLE10275,OLE10275,OLE10022,OLE10009,Y
OLE10276,OLE10276,OLE10022,OLE10011,Y
OLE10277,OLE10277,OLE10022,OLE10012,Y
OLE10278,OLE10278,OLE10022,OLE10014,Y
OLE10279,OLE10279,OLE10022,OLE10017,Y
OLE10280,OLE10280,OLE10022,OLE10032,Y
OLE10281,OLE10281,OLE10022,OLE10023,Y
OLE10282,OLE10282,OLE10022,OLE94,Y
OLE10283,OLE10283,OLE10022,OLE10043,Y
OLE10284,OLE10284,OLE10022,OLE10071,Y
OLE10285,OLE10285,OLE10022,OLE10110,Y
OLE10286,OLE10286,OLE10022,OLE10111,Y
OLE10287,OLE10287,OLE10022,OLE10064,Y
OLE10288,OLE10288,OLE10022,OLE10108,Y
OLE10289,OLE10289,OLE10023,OLE10005,Y
OLE10290,OLE10290,OLE10023,OLE10006,Y
OLE10291,OLE10291,OLE10023,OLE10009,Y
OLE10292,OLE10292,OLE10023,OLE10015,Y
OLE10293,OLE10293,OLE10023,OLE10017,Y
OLE10294,OLE10294,OLE10023,OLE10011,Y
OLE10295,OLE10295,OLE10023,OLE10012,Y
OLE10296,OLE10296,OLE10023,OLE10014,Y
OLE10297,OLE10297,OLE10023,OLE10026,Y
OLE10298,OLE10298,OLE10023,OLE10042,Y
OLE10299,OLE10299,OLE10023,OLE10071,Y
OLE10300,OLE10300,OLE10023,OLE10110,Y
OLE10301,OLE10301,OLE10023,OLE10111,Y
OLE10302,OLE10302,OLE10023,OLE10061,Y
OLE10303,OLE10303,OLE10023,OLE10062,Y
OLE10304,OLE10304,OLE10023,OLE10066,Y
OLE10305,OLE10305,OLE10023,OLE10068,Y
OLE10306,OLE10306,OLE10023,OLE10069,Y
OLE10307,OLE10307,OLE10023,OLE10070,Y
OLE10308,OLE10308,OLE10023,OLE94,Y
OLE10309,OLE10309,OLE10023,OLE10066,Y
OLE10310,OLE10310,OLE10023,OLE10100,Y
OLE10311,OLE10311,OLE10023,OLE10108,Y
OLE10312,OLE10312,OLE10023,OLE10109,Y
OLE10313,OLE10313,OLE10024,OLE10005,Y
OLE10314,OLE10314,OLE10024,OLE10006,Y
OLE10315,OLE10315,OLE10024,OLE10009,Y
OLE10316,OLE10316,OLE10024,OLE10014,Y
OLE10317,OLE10317,OLE10024,OLE10017,Y
OLE10318,OLE10318,OLE10024,OLE10021,Y
OLE10319,OLE10319,OLE10024,OLE10043,Y
OLE10323,OLE10323,OLE10024,OLE10065,Y
OLE10324,OLE10324,OLE10024,OLE10066,Y
OLE10325,OLE10325,OLE10024,OLE10067,Y
OLE10326,OLE10326,OLE10024,OLE10068,Y
OLE10327,OLE10327,OLE10024,OLE10069,Y
OLE10328,OLE10328,OLE10024,OLE10070,Y
OLE10329,OLE10329,OLE10024,OLE94,Y
OLE10330,OLE10330,OLE10024,OLE10042,Y
OLE10331,OLE10331,OLE10024,OLE10015,Y
OLE10332,OLE10332,OLE10024,OLE10100,Y
OLE10333,OLE10333,OLE10024,OLE10108,Y
OLE10334,OLE10334,OLE10024,OLE10109,Y
OLE10335,OLE10335,OLE10004,OLE10115,Y
OLE10336,OLE10336,OLE10005,OLE10115,Y
OLE10337,OLE10337,OLE10006,OLE10115,Y
OLE10338,OLE10338,OLE10012,OLE10115,Y
OLE10339,OLE10339,OLE10012,OLE98,Y
OLE10340,OLE10340,OLE10016,OLE98,Y
OLE10341,OLE10341,OLE10019,OLE98,Y
OLE10342,OLE10342,OLE10012,OLE103,Y
OLE10343,OLE10343,OLE10016,OLE103,Y
OLE10344,OLE10344,OLE10019,OLE103,Y
OLE10345,OLE10345,OLE10012,OLE10118,Y
OLE10346,OLE10346,OLE10016,OLE10118,Y
OLE10347,OLE10347,OLE10019,OLE10118,Y
OLE10348,OLE10348,OLE10012,OLE10119,Y
OLE10349,OLE10349,OLE10016,OLE10119,Y
OLE10350,OLE10350,OLE10019,OLE10119,Y
OLE10351,OLE10351,OLE10012,OLE10008,Y
OLE10352,OLE10352,OLE10004,OLE10009,Y
OLE10353,OLE10353,OLE10004,OLE10120,Y
OLE10354,OLE10354,OLE10005,OLE10120,Y
OLE10355,OLE10355,OLE10012,OLE10056,Y
OLE10356,OLE10356,OLE10024,OLE10056,Y
OLE10357,OLE10357,OLE10020,OLE10015,Y
OLE10358,OLE10358,OLE10020,OLE10017,Y
OLE10359,OLE10359,OLE10020,OLE10042,Y
OLE10360,OLE10360,OLE10020,OLE10043,Y
OLE10362,OLE10362,OLE10012,OLE10121,Y
OLE10363,OLE10363,OLE10012,OLE10122,Y
OLE10364,OLE10364,63,OLE92,Y
OLE10365,OLE10365,63,OLE100,Y
OLE10366,OLE10366,OLE10016,OLE325,Y
OLE10367,OLE10367,OLE10016,OLE326,Y
OLE10368,OLE10368,OLE10016,OLE356,Y
OLE10369,OLE10369,OLE10016,OLE293,Y
OLE10370,OLE10370,OLE10016,OLE294,Y
OLE10371,OLE10371,OLE10016,OLE367,Y
OLE10372,OLE10372,OLE10016,OLE368,Y
OLE10373,OLE10373,OLE10019,OLE325,Y
OLE10374,OLE10374,OLE10019,OLE326,Y
OLE10375,OLE10375,OLE10019,OLE356,Y
OLE10376,OLE10376,OLE10019,OLE293,Y
OLE10377,OLE10377,OLE10019,OLE294,Y
OLE10378,OLE10378,OLE10019,OLE367,Y
OLE10379,OLE10379,OLE10019,OLE368,Y
OLE10380,OLE10380,OLE10020,OLE325,Y
OLE10381,OLE10381,OLE10020,OLE326,Y
OLE10382,OLE10382,OLE10020,OLE356,Y
OLE10383,OLE10383,OLE10020,OLE293,Y
OLE10384,OLE10384,OLE10020,OLE294,Y
OLE10385,OLE10385,OLE10020,OLE367,Y
OLE10386,OLE10386,OLE10020,OLE368,Y
OLE10387,OLE10387,OLE10027,OLE98,Y
OLE10388,OLE10388,OLE10027,OLE103,Y
OLE10391,OLE10391,OLE10028,OLE98,Y
OLE10392,OLE10392,OLE10028,OLE103,Y
OLE10395,OLE10395,OLE10029,OLE98,Y
OLE10396,OLE10396,OLE10029,OLE103,Y
OLE10399,OLE10399,OLE10030,OLE98,Y
OLESEC10152,OLESEC10152,OLE10022,OLESEC6001,Y
OLESEC10153,OLESEC10153,OLE10022,OLESEC6002,Y
OLESEC10154,OLESEC10154,OLE10022,OLESEC6003,Y
OLESEC10155,OLESEC10155,OLE10023,OLESEC6001,Y
OLESEC10156,OLESEC10156,OLE10023,OLESEC6002,Y
OLESEC10157,OLESEC10157,OLE10023,OLESEC6003,Y
OLESEC10158,OLESEC10158,OLE10024,OLESEC6001,Y
OLESEC10159,OLESEC10159,OLE10024,OLESEC6002,Y
OLESEC10160,OLESEC10160,OLE10024,OLESEC6003,Y
OLE81000,OLE81000,63,OLE130,Y
OLE110000,OLE110000,OLE10003,OLE1500,Y
OLE10400,OLE10400,OLE10030,OLE103,Y
OLE10403,OLE10403,OLE10032,OLE98,Y
OLE10404,OLE10404,OLE10032,OLE103,Y
OLE10407,OLE10407,OLE10033,OLE98,Y
OLE10408,OLE10408,OLE10033,OLE103,Y
OLE10411,OLE10411,OLE10034,OLE98,Y
OLE10412,OLE10412,OLE10034,OLE103,Y
OLE10415,OLE10415,OLE10028,OLE10042,Y
OLE10416,OLE10416,OLE10028,OLE10043,Y
OLE10417,OLE10417,OLE10028,OLE80141,Y
OLE10418,OLE10418,OLE10028,OLE80142,Y
OLE10419,OLE10419,OLE10029,OLE10042,Y
OLE10420,OLE10420,OLE10029,OLE10043,Y
OLE10421,OLE10421,OLE10029,OLE80141,Y
OLE10422,OLE10422,OLE10029,OLE80142,Y
OLE10423,OLE10423,OLE10030,OLE10042,Y
OLE10424,OLE10424,OLE10030,OLE10043,Y
OLE10425,OLE10425,OLE10030,OLE80141,Y
OLE10426,OLE10426,OLE10030,OLE80142,Y
OLE10451,OLE10451,OLE10033,OLE97,Y
OLE10452,OLE10452,OLE10034,OLE97,Y
OLE10453,OLE10453,OLE10036,OLE97,Y
OLE10454,OLE10454,OLE10037,OLE97,Y
OLE10455,OLE10455,OLE10038,OLE97,Y
OLE10456,OLE10456,OLE10036,OLE10050,Y
OLE10457,OLE10457,OLE10037,OLE10050,Y
OLE10458,OLE10458,OLE10038,OLE10050,Y
OLE10459,OLE10459,OLE10036,OLE10057,Y
OLE10460,OLE10460,OLE10037,OLE10057,Y
OLE10461,OLE10461,OLE10038,OLE10057,Y
OLE10465,OLE10465,OLE10038,OLE10051,Y
OLE10466,OLE10466,OLE10044,OLE80158,Y
OLE10467,OLE10467,OLE10044,OLE80159,Y
OLE10468,OLE10468,OLE10044,OLE80160,Y
OLE10469,OLE10469,OLE10044,OLE80157,Y
OLE10470,OLE10470,OLE10044,OLE80162,Y
OLE10471,OLE10471,OLE10021,OLE80157,Y
OLE10472,OLE10472,OLE10021,OLE80162,Y
OLE10473,OLE10473,OLE10000,OLE80158,Y
OLE10474,OLE10474,60,OLE80159,Y
OLE10475,OLE10475,59,OLE80160,Y
OLE10476,OLE10476,97,OLE80160,Y
OLE10477,OLE10477,OLE62,OLE80161,Y
OLE10478,OLE10478,OLE62,OLE80161,Y
OLE10479,OLE10479,OLE22,OLE80161,Y
OLE10480,OLE10480,OLE10021,OLE80161,Y
OLE10481,OLE10481,OLE10021,OLE367,Y
OLE10482,OLE10482,OLE10021,OLE368,Y
OLE10483,OLE10483,OLE10021,OLE356,Y
OLE10484,OLE10484,OLE10044,OLE97,Y
OLE10485,OLE10485,OLE10044,OLE10050,Y
OLE10486,OLE10486,OLE10044,OLE10051,Y
OLE10487,OLE10487,OLE10044,OLE10052,Y
OLE10488,OLE10488,OLE10044,OLE10057,Y
OLE10489,OLE10489,OLE10044,OLE10015,Y
OLE10490,OLE10490,OLE10044,OLE10017,Y
OLE10491,OLE10491,OLE10044,OLE10042,Y
OLE10492,OLE10492,OLE10028,OLE80163,Y
OLE10493,OLE10493,OLE10029,OLE80163,Y
OLE10494,OLE10494,OLE10030,OLE80163,Y
OLE10495,OLE10495,OLE10042,OLE80164,Y
OLE10496,OLE10496,OLE10042,OLE80165,Y
OLE10497,OLE10497,OLE10042,OLE80166,Y
OLE10498,OLE10498,OLE10042,OLE80167,Y
OLE10499,OLE10499,OLE10042,OLE80168,Y
OLE10500,OLE10500,OLE10042,OLE80169,Y
OLE10501,OLE10501,OLE10042,OLE80170,Y
OLE10502,OLE10502,OLE10042,OLE80171,Y
OLE10503,OLE10503,OLE10043,OLE80164,Y
OLE10504,OLE10504,OLE10043,OLE80165,Y
OLE10505,OLE10505,OLE10043,OLE80166,Y
OLE10506,OLE10506,OLE10043,OLE80167,Y
OLE10507,OLE10507,OLE10043,OLE80168,Y
OLE10508,OLE10508,OLE10043,OLE80169,Y
OLE10509,OLE10509,OLE10043,OLE80170,Y
OLE10510,OLE10510,OLE10043,OLE80171,Y
OLE10511,OLE10511,OLE10043,OLE80172,Y
OLE11004,OLE11004,OLE10033,OLE10057,Y
OLE11005,OLE11005,OLE10034,OLE10057,Y
OLE11572,OLE11572,OLE10028,OLE80510,Y
OLE11573,OLE11573,OLE10029,OLE80510,Y
OLE11574,OLE11574,OLE10030,OLE80510,Y
OLE11575,OLE11575,OLE10029,OLE80511,Y
OLE11576,OLE11576,OLE10030,OLE80511,Y
OLE11577,OLE11577,OLE10029,OLE80512,Y
OLE11578,OLE11578,OLE10030,OLE80512,Y
OLE11579,OLE11579,OLE10038,OLE80513,Y
OLE11580,OLE11580,OLE10042,OLE80513,Y
OLE11581,OLE11581,OLE10043,OLE80513,Y
OLE11582,OLE11582,OLE10038,OLE80514,Y
OLE11583,OLE11583,OLE10042,OLE80514,Y
OLE11584,OLE11584,OLE10043,OLE80514,Y
OLE11585,OLE11585,59,OLE80512,Y
OLE11586,OLE11586,59,OLE80514,Y
OLE11587,OLE11587,OLE44,OLE80511,Y
OLE11588,OLE11588,OLE44,OLE80513,Y
OLE11589,OLE11589,OLE44,OLE80515,Y
OLE11590,OLE11590,OLE10029,OLE80515,Y
OLE11591,OLE11591,OLE10030,OLE80515,Y
OLE11592,OLE11592,OLE10034,OLE80515,Y
OLE11593,OLE11593,59,OLE80516,Y
OLE11594,OLE11594,OLE10029,OLE80516,Y
OLE11595,OLE11595,OLE10030,OLE80516,Y
OLE11596,OLE11596,OLE10034,OLE80516,Y
OLE11597,OLE11597,OLE44,OLE80517,Y
OLE11598,OLE11598,OLE10037,OLE80517,Y
OLE11599,OLE11599,OLE10038,OLE80517,Y
OLE11600,OLE11600,OLE10041,OLE80517,Y
OLE11601,OLE11601,OLE10043,OLE80517,Y
OLE11602,OLE11602,59,OLE80518,Y
OLE11603,OLE11603,OLE10037,OLE80518,Y
OLE11604,OLE11604,OLE10038,OLE80518,Y
OLE11605,OLE11605,OLE10041,OLE80518,Y
OLE11606,OLE11606,OLE10043,OLE80518,Y
OLE11607,OLE11607,OLE44,OLE80519,Y
OLE11608,OLE11608,OLE10029,OLE80519,Y
OLE11609,OLE11609,OLE10030,OLE80519,Y
OLE11610,OLE11610,OLE10034,OLE80519,Y
OLE11611,OLE11611,59,OLE80520,Y
OLE11612,OLE11612,OLE10029,OLE80520,Y
OLE11613,OLE11613,OLE10030,OLE80520,Y
OLE11614,OLE11614,OLE10034,OLE80520,Y
OLE11615,OLE11615,OLE44,OLE80521,Y
OLE11616,OLE11616,OLE10029,OLE80521,Y
OLE11617,OLE11617,OLE10030,OLE80521,Y
OLE11618,OLE11618,59,OLE80522,Y
OLE11619,OLE11619,OLE10029,OLE80522,Y
OLE11620,OLE11620,OLE10030,OLE80522,Y
OLE11621,OLE11621,OLE10000,OLE80523,Y
OLE11622,OLE11622,OLE10038,OLE80523,Y
OLE11623,OLE11623,OLE10042,OLE80523,Y
OLE11624,OLE11624,OLE10043,OLE80523,Y
OLE11625,OLE11625,59,OLE80524,Y
OLE11626,OLE11626,OLE10038,OLE80524,Y
OLE11627,OLE11627,OLE10042,OLE80524,Y
OLE11628,OLE11628,OLE10043,OLE80524,Y
OLE11629,OLE11629,OLE54,OLE80166,Y
OLE11630,OLE11630,OLE10000,OLE80166,Y
OLE11631,OLE11631,OLE54,OLE80164,Y
OLE11632,OLE11632,OLE10000,OLE80164,Y
OLE11633,OLE11633,OLE54,OLE80523,Y
OLE10601,OLE10601,OLE10016,OLE10124,Y
OLE10602,OLE10602,OLE10019,OLE10124,Y
OLE10603,OLE10603,OLE10020,OLE10124,Y
OLE10604,OLE10604,OLE10036,OLE10124,Y
OLE10605,OLE10605,OLE10037,OLE10124,Y
OLE10606,OLE10606,OLE10038,OLE10124,Y
OLE10607,OLE10607,OLE10044,OLE10124,Y
OLE10608,OLE10608,OLE10016,OLE10125,Y
OLE10609,OLE10609,OLE10019,OLE10125,Y
OLE10610,OLE10610,OLE10020,OLE10125,Y
OLE10611,OLE10611,OLE10038,OLE10125,Y
OLE10612,OLE10612,OLE10044,OLE10125,Y
OLE10613,OLE10613,OLE10016,OLE10126,Y
OLE10614,OLE10614,OLE10019,OLE10126,Y
OLE10615,OLE10615,OLE10020,OLE10126,Y
OLE10616,OLE10616,OLE10044,OLE10126,Y
OLE10617,OLE10617,OLE10021,OLE10127,Y
OLE10618,OLE10618,OLE10020,OLE10127,Y
OLE10619,OLE10619,OLE10021,OLE10128,Y
OLE10620,OLE10620,OLE10020,OLE10128,Y
OLE10621,OLE10621,OLE10019,OLE10129,Y
OLE10622,OLE10622,OLE10016,OLE10129,Y
OLE10623,OLE10623,OLE10020,OLE10129,Y
OLE10624,OLE10624,OLE10036,OLE10129,Y
OLE10625,OLE10625,OLE10037,OLE10129,Y
OLE10626,OLE10626,OLE10038,OLE10129,Y
OLE10627,OLE10627,OLE10044,OLE10129,Y
OLE10628,OLE10628,OLE10033,OLE10129,Y
OLE10629,OLE10629,OLE10034,OLE10129,Y
OLE10630,OLE10630,OLE10016,OLE394,Y
OLE10631,OLE10631,OLE10044,OLE394,Y
OLE10632,OLE10632,OLE10019,OLE394,Y
OLE10633,OLE10633,OLE10020,OLE394,Y
OLE10634,OLE10634,OLE10033,OLE394,Y
OLE10635,OLE10635,OLE10034,OLE394,Y
OLE10636,OLE10636,OLE10036,OLE394,Y
OLE10637,OLE10637,OLE10037,OLE394,Y
OLE10638,OLE10638,OLE10038,OLE394,Y
OLE10639,1203,OLE10046,OLE10130,Y
OLE10640,1204,OLE10046,OLE10131,Y
OLE10641,1205,OLE10046,OLE10132,Y
OLE10642,1209,OLE10047,OLE10131,Y
OLE10643,1210,OLE10047,OLE10132,Y
OLE10644,1019,OLE10049,OLE10133,Y
OLE10645,1020,OLE10050,OLE10134,Y
OLE10646,1021,OLE10049,OLE10134,Y
OLE10647,OLE100051,OLE10053,OLE10135,Y
OLE10648,OLE100061,OLE10057,OLE10136,Y
OLE10649,OLE100071,OLE10051,OLE10137,Y
OLE10650,1013,OLE10046,OLE10138,Y
OLE10651,1014,OLE10046,OLE10139,Y
OLE10652,1015,OLE10046,OLE10140,Y
OLE10653,1016,OLE10046,OLE10141,Y
OLE10654,1017,OLE10046,OLE10142,Y
OLE10655,1018,OLE10046,OLE10143,Y
OLE10656,1022,OLE10058,OLE10144,Y
OLE10657,1023,OLE10058,OLE10145,Y
OLE10658,1024,OLE10058,OLE10146,Y
OLE10659,1025,OLE10058,OLE10147,Y
OLE10660,1026,OLE10058,OLE10148,Y
OLE10661,1027,OLE10058,OLE10149,Y
OLE10662,1028,OLE10058,OLE10150,Y
OLE10663,1029,OLE10058,OLE10151,Y
OLE10664,1030,OLE10058,OLE10152,Y
OLE10665,1031,OLE10058,OLE10153,Y
OLE10666,1032,OLE10058,OLE10154,Y
OLE10667,1033,OLE10058,OLE10155,Y
OLE10668,1034,OLE10058,OLE10156,Y
OLE10669,1035,OLE10058,OLE10157,Y
OLE10670,1036,OLE10058,OLE10158,Y
OLE10671,1037,OLE10058,OLE10159,Y
OLE10672,1038,OLE10058,OLE10160,Y
OLE10673,1039,OLE10058,OLE10161,Y
OLE10674,1040,OLE10058,OLE10162,Y
OLE10675,1041,OLE10058,OLE10163,Y
OLE10676,1042,OLE10058,OLE10164,Y
OLE10677,1043,OLE10058,OLE10165,Y
OLE10678,1044,OLE10058,OLE10166,Y
OLE10679,1045,OLE10058,OLE10167,Y
OLE10680,1046,OLE10058,OLE10168,Y
OLE10681,OLE1040,OLE10057,OLE10169,Y
OLE10682,OLE1041,OLE10057,OLE10170,Y
OLE10683,OLE1042,OLE10057,OLE10171,Y
OLE10684,OLE1043,OLE10057,OLE10172,Y
OLE10685,OLE1044,OLE10057,OLE10173,Y
OLE10686,OLE1045,OLE10057,OLE10174,Y
OLE10687,OLE1046,OLE10057,OLE10175,Y
OLE10688,OLE1047,OLE10057,OLE10176,Y
OLE10689,OLE1048,OLE10057,OLE10177,Y
OLE10690,OLE1049,OLE10057,OLE10178,Y
OLE10691,OLE1050,OLE10057,OLE10179,Y
OLE10692,OLE1051,OLE10057,OLE10180,Y
OLE10693,OLE1052,OLE10057,OLE10181,Y
OLE10694,OLE1053,OLE10057,OLE10182,Y
OLE10695,OLE1054,OLE10057,OLE10183,Y
OLE10696,OLE1055,OLE10057,OLE10184,Y
OLE10697,OLE1056,OLE10055,OLE10185,Y
OLE10700,1102,OLE10061,OLE10187,Y
OLE10701,1103,OLE10062,OLE10188,Y
OLE10703,OLE1057,OLE10052,OLE10190,Y
OLE10704,OLE1058,OLE10053,OLE10190,Y
OLE10705,OLE1059,OLE10054,OLE10190,Y
OLE10706,OLE1060,OLE10057,OLE10190,Y
OLE10707,OLE1061,OLE10052,OLE10191,Y
OLE10708,OLE1062,OLE10053,OLE10191,Y
OLE10709,OLE1063,OLE10054,OLE10191,Y
OLE10710,OLE1064,OLE10057,OLE10191,Y
OLE10711,2100,OLE10063,OLE10192,Y
KR1000,D0C2892F47EE9142E0406E0AC31D23D6,KR1001,KR1000,Y
KR1001,D0C2892F47EF9142E0406E0AC31D23D6,KR1001,181,Y
KRSAP1003,CDD8032915D9BF1FE040F90A05B94313,KRSAP10003,KRSAP10003,Y
KRSAP1004,CDD8032915DDBF1FE040F90A05B94313,KRSAP10004,KRSAP10004,Y
KRSAP1005,CDD8032915E1BF1FE040F90A05B94313,KRSAP10003,KRSAP10005,Y
KRSAP1006,CDD8032915E5BF1FE040F90A05B94313,KRSAP10003,KRSAP10006,Y
KRSAP1007,CDD8032915E9BF1FE040F90A05B94313,KRSAP10003,KRSAP10007,Y
KRSAP1008,CDD8032915EDBF1FE040F90A05B94313,KRSAP10003,KRSAP10008,Y
KRSAP1009,CDD8032915F1BF1FE040F90A05B94313,KRSAP10003,KRSAP10009,Y
KRSAP1010,CDD8032915F5BF1FE040F90A05B94313,KRSAP10003,KRSAP10010,Y
KRSAP1011,CDD8032915F9BF1FE040F90A05B94313,KRSAP10003,KRSAP10011,Y
KRSAP1012,CDD8032915FDBF1FE040F90A05B94313,KRSAP10003,KRSAP10012,Y
KRSAP1013,CDD803291601BF1FE040F90A05B94313,KRSAP10003,KRSAP10013,Y
KRSAP1014,CDD803291606BF1FE040F90A05B94313,KRSAP10003,KRSAP10014,Y
KRSAP1015,CDD80329160BBF1FE040F90A05B94313,KRSAP10003,KRSAP10015,Y
KRSAP1016,CDD803291610BF1FE040F90A05B94313,KRSAP10003,KRSAP10016,Y
R1011,R1011,OLE10058,OLESSMD,Y
R1012,R1012,OLE10058,OLEIITMD,Y
R1013,R1013,OLE10058,OLEITAS,Y
R1014,R1014,OLE10058,OLERSMD,Y
R1015,R1015,OLE10058,OLESTSRC,Y
R1016,R1016,OLE10058,OLETYPO,Y
R102,R102,OLE10049,KRLMD1,Y
R103,R103,OLE10050,KRLMD1,Y
R104,R104,OLE10049,KRLLMD1,Y
OLE10712,3103,OLE10086,OLE10193,Y
OLE10716,OLE2085,OLE10073,OLE10195,Y
OLE10717,OLE2086,OLE10074,OLE10195,Y
OLE10718,OLE2087,OLE10076,OLE10195,Y
OLE10719,OLE2088,OLE10073,OLE10196,Y
OLE10720,OLE2089,OLE10073,OLE10197,Y
OLE10721,OLE2090,OLE10074,OLE10197,Y
OLE10722,OLE2091,OLE10076,OLE10197,Y
OLE10723,OLE2092,OLE10073,OLE10198,Y
OLE10724,OLE2093,OLE10074,OLE10198,Y
OLE10725,OLE2094,OLE10076,OLE10198,Y
OLE10726,OLE2095,OLE10073,OLE10199,Y
OLE10727,OLE2096,OLE10074,OLE10199,Y
OLE10728,OLE2097,OLE10076,OLE10199,Y
OLE10729,OLE2098,OLE10073,OLE10200,Y
OLE10730,OLE2099,OLE10074,OLE10200,Y
OLE10731,OLE20100,OLE10076,OLE10200,Y
OLE10732,OLE20101,OLE10073,OLE10201,Y
OLE10733,OLE20102,OLE10074,OLE10201,Y
OLE10734,OLE20103,OLE10075,OLE10201,Y
OLE10735,OLE20104,OLE10076,OLE10201,Y
OLE10736,OLE20105,OLE10073,OLE10202,Y
OLE10737,OLE20106,OLE10074,OLE10202,Y
OLE10738,OLE20107,OLE10076,OLE10202,Y
OLE10739,OLE20108,OLE10073,OLE10203,Y
OLE10740,OLE20109,OLE10074,OLE10203,Y
OLE10741,OLE20110,OLE10076,OLE10203,Y
OLE10746,OLE20115,OLE10073,OLE10205,Y
OLE10747,OLE20116,OLE10074,OLE10205,Y
OLE10748,OLE20117,OLE10076,OLE10205,Y
OLE10749,OLE20118,OLE10073,OLE10206,Y
OLE10750,OLE20119,OLE10074,OLE10206,Y
OLE10751,OLE20120,OLE10075,OLE10206,Y
OLE10752,OLE20121,OLE10076,OLE10206,Y
OLE10753,OLE20122,OLE10073,OLE10207,Y
OLE10754,OLE20123,OLE10074,OLE10207,Y
OLE10755,OLE20124,OLE10076,OLE10207,Y
OLE10756,OLE20125,OLE10073,OLE10208,Y
OLE10757,OLE20126,OLE10074,OLE10208,Y
OLE10758,OLE20127,OLE10075,OLE10208,Y
OLE10759,OLE20128,OLE10076,OLE10208,Y
OLE10760,OLE20129,OLE10073,OLE10209,Y
OLE10761,OLE20130,OLE10074,OLE10209,Y
OLE10762,OLE20131,OLE10076,OLE10209,Y
OLE10763,OLE20132,OLE10073,OLE10210,Y
OLE10764,OLE20133,OLE10074,OLE10210,Y
OLE10765,OLE20134,OLE10076,OLE10210,Y
OLE10766,OLE20135,OLE10073,OLE10211,Y
OLE10767,OLE20136,OLE10074,OLE10211,Y
OLE10768,OLE20137,OLE10076,OLE10211,Y
OLE10769,OLE20138,OLE10073,OLE10212,Y
OLE10770,OLE20139,OLE10074,OLE10212,Y
OLE10771,OLE20140,OLE10076,OLE10212,Y
OLE10776,OLE20145,OLE10073,OLE10214,Y
OLE10777,OLE20146,OLE10074,OLE10214,Y
OLE10778,OLE20147,OLE10076,OLE10214,Y
OLE10795,OLE20168,OLE10075,OLE10195,Y
OLE10812,OLE7022,OLE10077,OLE10223,Y
OLE10813,OLE7023,OLE10078,OLE10223,Y
OLE10814,OLE7024,OLE10079,OLE10223,Y
OLE10815,OLE7025,OLE10082,OLE10223,Y
OLE10816,OLE7026,OLE10077,OLE10224,Y
OLE10817,OLE7027,OLE10078,OLE10224,Y
OLE10818,OLE7028,OLE10079,OLE10224,Y
OLE10819,OLE7029,OLE10080,OLE10224,Y
OLE10820,OLE7030,OLE10081,OLE10224,Y
OLE10821,OLE7031,OLE10082,OLE10224,Y
OLE10822,OLE7032,OLE10083,OLE10224,Y
OLE10823,OLE7033,OLE10084,OLE10224,Y
OLE10824,OLE7034,OLE10077,OLE10225,Y
OLE10825,OLE7035,OLE10078,OLE10225,Y
OLE10826,OLE7036,OLE10079,OLE10225,Y
OLE10827,OLE7037,OLE10080,OLE10225,Y
OLE10828,OLE7038,OLE10081,OLE10225,Y
OLE10829,OLE7039,OLE10082,OLE10225,Y
OLE10830,OLE7040,OLE10077,OLE10226,Y
OLE10831,OLE7041,OLE10078,OLE10226,Y
OLE10832,OLE7042,OLE10079,OLE10226,Y
OLE10833,OLE7043,OLE10080,OLE10226,Y
OLE10834,OLE7044,OLE10081,OLE10226,Y
OLE10835,OLE7045,OLE10082,OLE10226,Y
OLE10836,OLE7046,OLE10077,OLE10227,Y
OLE10837,OLE7047,OLE10078,OLE10227,Y
OLE10838,OLE7048,OLE10079,OLE10227,Y
OLE10839,OLE7049,OLE10080,OLE10227,Y
OLE10840,OLE7050,OLE10082,OLE10227,Y
OLE10841,OLE7051,OLE10077,OLE10228,Y
OLE10842,OLE7052,OLE10078,OLE10228,Y
OLE10843,OLE7053,OLE10079,OLE10228,Y
OLE10844,OLE7054,OLE10080,OLE10228,Y
OLE10845,OLE7055,OLE10077,OLE10229,Y
OLE10846,OLE7056,OLE10078,OLE10229,Y
OLE10847,OLE7057,OLE10079,OLE10229,Y
OLE10848,OLE7058,OLE10080,OLE10229,Y
OLE10849,OLE7059,OLE10081,OLE10229,Y
OLE10850,OLE7060,OLE10077,OLE10230,Y
OLE10851,OLE7061,OLE10078,OLE10230,Y
OLE10852,OLE7062,OLE10079,OLE10230,Y
OLE10853,OLE7063,OLE10080,OLE10230,Y
OLE10854,OLE7064,OLE10081,OLE10230,Y
OLE10855,OLE7065,OLE10077,OLE10231,Y
OLE10856,OLE7066,OLE10078,OLE10231,Y
OLE10857,OLE7067,OLE10079,OLE10231,Y
OLE10858,OLE7068,OLE10080,OLE10231,Y
OLE10859,OLE7070,OLE10077,OLE10207,Y
OLE10860,OLE7071,OLE10078,OLE10207,Y
OLE10861,OLE7072,OLE10079,OLE10207,Y
OLE10862,OLE7073,OLE10080,OLE10207,Y
OLE10863,OLE7074,OLE10081,OLE10207,Y
OLE10864,OLE7075,OLE10077,OLE10233,Y
OLE10865,OLE7076,OLE10078,OLE10233,Y
OLE10866,OLE7077,OLE10079,OLE10233,Y
OLE10867,OLE7078,OLE10080,OLE10233,Y
OLE10868,OLE7079,OLE10081,OLE10233,Y
OLE10869,OLE7080,OLE10082,OLE10233,Y
OLE10870,OLE7081,OLE10077,OLE10234,Y
OLE10871,OLE7082,OLE10078,OLE10234,Y
OLE10872,OLE7083,OLE10079,OLE10234,Y
OLE10873,OLE7084,OLE10080,OLE10234,Y
OLE10874,OLE7085,OLE10081,OLE10234,Y
OLE10875,OLE7086,OLE10082,OLE10234,Y
OLE10876,OLE7090,OLE10077,OLE10235,Y
OLE10877,OLE7091,OLE10078,OLE10235,Y
OLE10878,OLE7092,OLE10079,OLE10235,Y
OLE10879,OLE7093,OLE10080,OLE10235,Y
OLE10880,OLE7094,OLE10081,OLE10235,Y
OLE10881,OLE7095,OLE10082,OLE10235,Y
OLE10882,OLE7096,OLE10077,OLE10236,Y
OLE10883,OLE7097,OLE10078,OLE10236,Y
OLE10884,OLE7098,OLE10079,OLE10236,Y
OLE10885,OLE7099,OLE10080,OLE10236,Y
OLE10886,OLE70100,OLE10082,OLE10236,Y
OLE10887,OLE70101,OLE10077,OLE10237,Y
OLE10888,OLE70102,OLE10078,OLE10237,Y
OLE10889,OLE70103,OLE10079,OLE10237,Y
OLE10890,OLE70104,OLE10080,OLE10237,Y
OLE10891,OLE70105,OLE10082,OLE10237,Y
OLE10892,OLE70106,OLE10077,OLE10238,Y
OLE10893,OLE70107,OLE10078,OLE10238,Y
OLE10894,OLE70108,OLE10079,OLE10238,Y
OLE10895,OLE70109,OLE10080,OLE10238,Y
OLE10896,OLE70110,OLE10081,OLE10238,Y
OLE10897,OLE70111,OLE10082,OLE10238,Y
OLE10898,OLE70112,OLE10083,OLE10238,Y
OLE10899,OLE70113,OLE10084,OLE10238,Y
OLE10900,OLE70114,OLE10077,OLE10239,Y
OLE10901,OLE70115,OLE10078,OLE10239,Y
OLE10902,OLE70116,OLE10079,OLE10239,Y
OLE10903,OLE70117,OLE10080,OLE10239,Y
OLE10904,OLE70118,OLE10082,OLE10239,Y
OLE10905,OLE70119,OLE10077,OLE10240,Y
OLE10906,OLE70120,OLE10078,OLE10240,Y
OLE10907,OLE70121,OLE10079,OLE10240,Y
OLE10908,OLE70122,OLE10082,OLE10240,Y
OLE10909,OLE70123,OLE10077,OLE10241,Y
OLE10910,OLE70124,OLE10078,OLE10241,Y
OLE10911,OLE70125,OLE10079,OLE10241,Y
OLE10912,OLE70126,OLE10080,OLE10241,Y
OLE10913,OLE70127,OLE10082,OLE10241,Y
OLE10914,OLE70128,OLE10077,OLE10242,Y
OLE10915,OLE70129,OLE10078,OLE10242,Y
OLE10916,OLE70130,OLE10079,OLE10242,Y
OLE10917,OLE70131,OLE10080,OLE10242,Y
OLE10918,OLE70132,OLE10082,OLE10242,Y
OLE10919,OLE70133,OLE10077,OLE10243,Y
OLE10920,OLE70134,OLE10078,OLE10243,Y
OLE10921,OLE70135,OLE10082,OLE10243,Y
OLE10922,OLE70136,OLE10083,OLE10243,Y
OLE10923,OLE70137,OLE10077,OLE10244,Y
OLE10924,OLE70138,OLE10078,OLE10244,Y
OLE10925,OLE70139,OLE10082,OLE10244,Y
OLE10926,OLE70140,OLE10083,OLE10244,Y
OLE10927,OLE70141,OLE10077,OLE10232,Y
OLE10928,OLE70142,OLE10078,OLE10232,Y
OLE10929,OLE70143,OLE10079,OLE10232,Y
OLE10930,OLE70144,OLE10080,OLE10232,Y
OLE10931,OLE70145,OLE10081,OLE10232,Y
OLE10932,OLE70146,OLE10082,OLE10232,Y
OLE12094,10090,OLE10064,OLE10269,Y
OLE12095,10091,OLE10065,OLE10269,Y
OLE12096,10092,OLE10066,OLE10269,Y
OLE12097,10093,OLE10067,OLE10269,Y
OLE12098,10094,OLE10068,OLE10269,Y
OLE12099,10095,OLE10064,OLE10270,Y
OLE12100,10096,OLE10065,OLE10270,Y
OLE12101,10097,OLE10066,OLE10270,Y
OLE12102,10098,OLE10067,OLE10270,Y
OLE12103,10099,OLE10068,OLE10270,Y
OLE12104,OLE70309,OLE10077,OLE10271,Y
OLE12105,OLE70310,OLE10078,OLE10271,Y
OLE12106,OLE70311,OLE10082,OLE10271,Y
OLE12107,OLE70312,OLE10083,OLE10271,Y
OLE9001,OLE9001,98,OLE9001,Y
OLE12109,OLE70313,OLE10082,OLE10228,Y
OLE12110,OLE70314,OLE10083,OLE10228,Y
OLE12111,OLE70315,OLE10084,OLE10228,Y
OLE12112,OLE70316,OLE10082,OLE10229,Y
OLE12113,OLE70317,OLE10082,OLE10230,Y
OLE12114,OLE70318,OLE10082,OLE10231,Y
OLE12115,OLE70319,OLE10082,OLE10207,Y
OLE12116,OLE70320,OLE10077,OLE10212,Y
OLE12117,OLE70321,OLE10078,OLE10212,Y
OLE12118,OLE70322,OLE10079,OLE10212,Y
OLE12119,OLE70323,OLE10080,OLE10212,Y
OLE12120,OLE70324,OLE10081,OLE10212,Y
OLE12121,OLE70325,OLE10082,OLE10212,Y
OLE12122,OLE70326,OLE10058,OLE10272,Y
OLE12123,OLE70327,OLE10077,OLE10273,Y
OLE12124,OLE70328,OLE10078,OLE10273,Y
OLE12125,OLE70329,OLE10079,OLE10273,Y
OLE12126,OLE70330,OLE10080,OLE10273,Y
OLE12128,OLE70332,OLE10082,OLE10273,Y
OLE12130,OLE70334,OLE10077,OLE10274,Y
OLE12131,OLE70335,OLE10078,OLE10274,Y
OLE12132,OLE70336,OLE10079,OLE10274,Y
OLE12133,OLE70337,OLE10080,OLE10274,Y
OLE12134,OLE70338,OLE10081,OLE10274,Y
OLE12135,OLE70339,OLE10082,OLE10274,Y
OLE12137,OLE70341,OLE10077,OLE10275,Y
OLE12138,OLE70342,OLE10078,OLE10275,Y
OLE12139,OLE70343,OLE10079,OLE10275,Y
OLE12140,OLE70344,OLE10080,OLE10275,Y
OLE12141,OLE70345,OLE10081,OLE10275,Y
OLE12142,OLE70346,OLE10082,OLE10275,Y
OLE12144,OLE70348,OLE10073,OLE10276,Y
OLE12145,OLE70349,OLE10074,OLE10276,Y
OLE12146,OLE70350,OLE10076,OLE10276,Y
OLE12147,OLE70351,OLE10075,OLE10277,Y
OLE12148,OLE70352,OLE10077,OLE10278,Y
OLE12149,OLE70353,OLE10078,OLE10278,Y
OLE12150,OLE70354,OLE10079,OLE10278,Y
OLE12151,OLE70355,OLE10080,OLE10278,Y
OLE12152,OLE70356,OLE10081,OLE10278,Y
OLE12153,OLE70357,OLE10082,OLE10278,Y
OLE12154,OLE70358,OLE10086,OLE10279,Y
OLE12156,OLE70360,OLE10027,OLE10280,Y
OLE12157,OLE70361,OLE10028,OLE10280,Y
OLE12158,OLE70362,OLE10029,OLE10280,Y
OLE12159,OLE70363,OLE10030,OLE10280,Y
OLE12160,OLE70364,OLE10027,OLE94,Y
OLE12161,OLE70365,OLE10028,OLE94,Y
OLE12162,OLE70366,OLE10029,OLE94,Y
OLE12163,OLE70367,OLE10030,OLE94,Y
OLE12164,OLE70368,OLE10040,OLE94,Y
OLE12165,OLE70369,OLE10041,OLE94,Y
OLE12166,OLE70370,OLE10042,OLE94,Y
OLE12167,OLE70371,OLE10043,OLE94,Y
OLE12168,OLE70372,OLE10028,OLE10122,Y
OLE12169,OLE70373,OLE10029,OLE10122,Y
OLE12170,OLE70374,OLE10027,OLE92,Y
OLE12171,OLE70375,OLE10028,OLE92,Y
OLE12172,OLE70376,OLE10029,OLE92,Y
OLE12173,OLE70377,OLE10030,OLE92,Y
OLE12174,OLE70378,OLE10027,OLE100,Y
OLE12175,OLE70379,OLE10028,OLE100,Y
OLE12176,OLE70380,OLE10029,OLE100,Y
OLE12177,OLE70381,OLE10030,OLE100,Y
OLE12178,OLE70382,OLE10027,OLE97,Y
OLE12179,OLE70383,OLE10028,OLE97,Y
OLE12180,OLE70384,OLE10029,OLE97,Y
OLE12181,OLE70385,OLE10030,OLE97,Y
OLE12182,OLE70386,OLE10040,OLE97,Y
OLE12183,OLE70387,OLE10041,OLE97,Y
OLE12184,OLE70388,OLE10042,OLE97,Y
OLE12185,OLE70389,OLE10043,OLE97,Y
OLE12186,OLE70390,OLE10027,OLE268,Y
OLE12187,OLE70391,OLE10028,OLE268,Y
OLE12188,OLE70392,OLE10029,OLE268,Y
OLE12189,OLE70393,OLE10030,OLE268,Y
OLE12190,OLE70394,OLE10040,OLE268,Y
OLE12191,OLE70395,OLE10041,OLE268,Y
OLE12192,OLE70396,OLE10042,OLE268,Y
OLE12193,OLE70397,OLE10043,OLE268,Y
OLE12194,OLE70398,OLE10033,OLE94,Y
OLE12195,OLE70399,OLE10034,OLE94,Y
OLE12196,OLE70400,OLE10037,OLE94,Y
OLE12197,OLE70401,OLE10038,OLE94,Y
OLE12198,OLE70402,OLE10033,OLE268,Y
OLE12199,OLE70403,OLE10034,OLE268,Y
OLE12200,OLE70404,OLE10037,OLE268,Y
OLE12201,OLE70405,OLE10038,OLE268,Y
OLE12202,OLE70406,OLE10027,OLE10067,Y
OLE12203,OLE70407,OLE10028,OLE10067,Y
OLE12204,OLE70408,OLE10029,OLE10067,Y
OLE12205,OLE70409,OLE10030,OLE10067,Y
OLE12206,OLE70410,OLE10033,OLE10067,Y
OLE12207,OLE70411,OLE10034,OLE10067,Y
OLE12208,OLE70412,OLE10037,OLE10067,Y
OLE12209,OLE70413,OLE10038,OLE10067,Y
OLE12210,OLE70414,OLE10040,OLE10067,Y
OLE12211,OLE70415,OLE10041,OLE10067,Y
OLE12212,OLE70416,OLE10042,OLE10067,Y
OLE12213,OLE70417,OLE10043,OLE10067,Y
OLE12214,OLE70418,OLE10036,OLE356,Y
OLE12215,OLE70419,OLE10037,OLE356,Y
OLE12216,OLE70420,OLE10038,OLE356,Y
OLE12217,OLE70421,OLE10036,OLE80161,Y
OLE12218,OLE70422,OLE10037,OLE80161,Y
OLE12219,OLE70423,OLE10038,OLE80161,Y
OLE12220,OLE70424,OLE10036,OLE10281,Y
OLE12221,OLE70425,OLE10037,OLE10281,Y
OLE12222,OLE70426,OLE10038,OLE10281,Y
OLE12223,OLE70427,OLE10086,OLE404,Y
OLE12229,OLE70433,OLE10036,OLE80158,Y
OLE12230,OLE70434,OLE10037,OLE80158,Y
OLE12231,OLE70435,OLE10038,OLE80158,Y
OLE12232,OLE70436,OLE10036,OLE80160,Y
OLE12233,OLE70437,OLE10037,OLE80160,Y
OLE12234,OLE70438,OLE10038,OLE80160,Y
OLE12235,OLE70439,OLE10073,OLE10282,Y
OLE12236,OLE70440,OLE10074,OLE10282,Y
OLE12237,OLE70441,OLE10076,OLE10282,Y
OLE12238,OLE70442,OLE10073,OLE10283,Y
OLE12239,OLE70443,OLE10074,OLE10283,Y
OLE12240,OLE70444,OLE10076,OLE10283,Y
OLE12241,OLE70445,OLE10073,OLE10284,Y
OLE12242,OLE70446,OLE10074,OLE10284,Y
OLE12243,OLE70447,OLE10076,OLE10284,Y
OLE12244,OLE70448,OLE10073,OLE10285,Y
OLE12245,OLE70449,OLE10074,OLE10285,Y
OLE12246,OLE70450,OLE10076,OLE10285,Y
OLE12247,OLE70451,OLE10073,OLE10286,Y
OLE12248,OLE70452,OLE10074,OLE10286,Y
OLE12249,OLE70453,OLE10076,OLE10286,Y
OLE12250,OLE70454,OLE10073,OLE10287,Y
OLE12251,OLE70455,OLE10074,OLE10287,Y
OLE12252,OLE70456,OLE10076,OLE10287,Y
OLE12253,OLE70457,OLE10073,OLE10288,Y
OLE12254,OLE70458,OLE10074,OLE10288,Y
OLE12255,OLE70459,OLE10076,OLE10288,Y
OLE12256,OLE70460,OLE10073,OLE10289,Y
OLE12257,OLE70461,OLE10074,OLE10289,Y
OLE12258,OLE70462,OLE10076,OLE10289,Y
OLE12259,OLE70463,OLE10073,OLE10290,Y
OLE12260,OLE70464,OLE10074,OLE10290,Y
OLE12261,OLE70465,OLE10076,OLE10290,Y
OLE12262,OLE70466,OLE10073,OLE10291,Y
OLE12263,OLE70467,OLE10074,OLE10291,Y
OLE12264,OLE70468,OLE10076,OLE10291,Y
OLE12265,OLE70469,OLE10073,OLE10292,Y
OLE12266,OLE70470,OLE10074,OLE10292,Y
OLE12267,OLE70471,OLE10076,OLE10292,Y
OLE12268,OLE70472,OLE10073,OLE10293,Y
OLE12269,OLE70473,OLE10074,OLE10293,Y
OLE12270,OLE70474,OLE10076,OLE10293,Y
OLE12271,OLE70475,OLE10077,OLE10294,Y
OLE12272,OLE70476,OLE10078,OLE10294,Y
OLE12273,OLE70477,OLE10079,OLE10294,Y
OLE12274,OLE70478,OLE10082,OLE10294,Y
OLE12275,OLE70479,OLE10073,OLE10224,Y
OLE12276,OLE70480,OLE10074,OLE10224,Y
OLE12277,OLE70481,OLE10076,OLE10224,Y
OLE12278,OLE70482,OLE10073,OLE10234,Y
OLE12279,OLE70483,OLE10074,OLE10234,Y
OLE12280,OLE70484,OLE10076,OLE10234,Y
OLE12281,OLE70485,OLE10077,OLE10295,Y
OLE12282,OLE70486,OLE10078,OLE10295,Y
OLE12283,OLE70487,OLE10079,OLE10295,Y
OLE12284,OLE70488,OLE10080,OLE10295,Y
OLE12285,OLE70489,OLE10081,OLE10295,Y
OLE12286,OLE70490,OLE10082,OLE10295,Y
OLE12287,OLE70491,OLE10083,OLE10295,Y
OLE12288,OLE70492,OLE10077,OLE10296,Y
OLE12289,OLE70493,OLE10078,OLE10296,Y
OLE12290,OLE70494,OLE10079,OLE10296,Y
OLE12291,OLE70495,OLE10080,OLE10296,Y
OLE12292,OLE70496,OLE10081,OLE10296,Y
OLE12293,OLE70497,OLE10082,OLE10296,Y
OLE12294,OLE70498,OLE10083,OLE10296,Y
OLE12296,OLE70500,OLE10073,OLE10298,Y
OLE12297,OLE70501,OLE10074,OLE10298,Y
OLE12298,OLE70502,OLE10076,OLE10298,Y
OLE12299,OLE70503,OLE10073,OLE10299,Y
OLE12300,OLE70504,OLE10074,OLE10299,Y
OLE12301,OLE70505,OLE10076,OLE10299,Y
OLE12302,OLE70506,OLE10073,OLE10300,Y
OLE12303,OLE70507,OLE10074,OLE10300,Y
OLE12304,OLE70508,OLE10076,OLE10300,Y
OLE12305,OLE70509,OLE10073,OLE10301,Y
OLE12306,OLE70510,OLE10074,OLE10301,Y
OLE12307,OLE70511,OLE10075,OLE10301,Y
OLE12308,OLE70512,OLE10076,OLE10301,Y
OLE12309,OLE70513,OLE10073,OLE10302,Y
OLE12310,OLE70514,OLE10074,OLE10302,Y
OLE12311,OLE70515,OLE10076,OLE10302,Y
OLE12312,OLE70516,OLE10073,OLE10303,Y
OLE12313,OLE70517,OLE10074,OLE10303,Y
OLE12314,OLE70518,OLE10076,OLE10303,Y
OLE12315,OLE70519,OLE10073,OLE10304,Y
OLE12316,OLE70520,OLE10074,OLE10304,Y
OLE12317,OLE70521,OLE10076,OLE10304,Y
OLE12318,OLE70522,OLE10073,OLE10305,Y
OLE12319,OLE70523,OLE10074,OLE10305,Y
OLE12320,OLE70524,OLE10076,OLE10305,Y
OLE12321,OLE70525,OLE10073,OLE10306,Y
OLE12322,OLE70526,OLE10074,OLE10306,Y
OLE12323,OLE70527,OLE10076,OLE10306,Y
OLE12324,OLE70528,OLE10073,OLE10307,Y
OLE12325,OLE70529,OLE10074,OLE10307,Y
OLE12326,OLE70530,OLE10076,OLE10307,Y
OLE12327,OLE70531,OLE10073,OLE10308,Y
OLE12328,OLE70532,OLE10074,OLE10308,Y
OLE12329,OLE70533,OLE10073,OLE10309,Y
OLE12330,OLE70534,OLE10074,OLE10309,Y
OLE12333,OLE70537,OLE10073,OLE10311,Y
OLE12334,OLE70538,OLE10074,OLE10311,Y
OLE12335,OLE70539,OLE10073,OLE10312,Y
OLE12336,OLE70540,OLE10074,OLE10312,Y
OLE12337,OLE70541,OLE10073,OLE10313,Y
OLE12338,OLE70542,OLE10074,OLE10313,Y
OLE12339,OLE70543,OLE10076,OLE10311,Y
OLE12340,OLE70544,OLE10076,OLE10312,Y
OLE12341,OLE70545,OLE10073,OLE10314,Y
OLE12342,OLE70546,OLE10074,OLE10314,Y
OLE12343,OLE70547,OLE10073,OLE10315,Y
OLE12344,OLE70548,OLE10074,OLE10315,Y
OLE12345,OLE70549,OLE10085,OLE10316,Y
OLE12346,OLE70550,OLE10085,OLE10317,Y
OLE12347,OLE70551,OLE10086,OLE10318,Y
OLE12348,OLE70552,OLE10086,OLE10319,Y
OLE12349,OLE70553,OLE10086,OLE10320,Y
OLE12350,OLE70554,OLE10086,OLE10321,Y
OLE12351,OLE70555,OLE10086,OLE10322,Y
OLE12352,OLE70556,OLE10086,OLE10323,Y
OLE12353,OLE70557,OLE10073,OLE10324,Y
OLE12354,OLE12354,OLE10074,OLE10324,Y
OLE12355,OLE12355,OLE10073,OLE10325,Y
OLE12356,OLE12356,OLE10074,OLE10325,Y
OLE12357,OLE12357,OLE10076,OLE10325,Y
OLE12358,OLE70558,OLE10068,OLE10327,Y
OLE12359,OLE70559,OLE10071,OLE10326,Y
OLE12360,OLE12360,OLE10071,OLE10327,Y
OLE12361,OLE12361,OLE10006,OLE10326,Y
OLE12362,OLE12362,OLE10006,OLE10327,Y
OLE12363,OLE12363,OLE10064,OLE10328,Y
OLE12364,OLE12364,OLE10065,OLE10328,Y
OLE12365,OLE12365,OLE10066,OLE10328,Y
OLE12366,OLE12366,OLE10067,OLE10328,Y
OLE12367,OLE12367,OLE10068,OLE10328,Y
OLE12368,OLE12308,OLE10064,OLE10329,Y
OLE12369,OLE12369,OLE10065,OLE10329,Y
OLE12370,OLE12370,OLE10066,OLE10329,Y
OLE12371,OLE12371,OLE10067,OLE10329,Y
OLE12372,OLE12372,OLE10068,OLE10329,Y
OLE12373,OLE70575,OLE44,OLE10330,Y
OLE12500,OLE12500,OLE10064,OLE10500,Y
OLE12501,OLE12501,OLE10065,OLE10500,Y
OLE12502,OLE12502,OLE10066,OLE10500,Y
OLE12503,OLE12503,OLE10067,OLE10500,Y
OLE12504,OLE12504,OLE10068,OLE10500,Y
OLE12505,OLE12505,OLE44,OLE10501,Y
OLE10800,OLE10800,OLE10076,OLE10502,Y
OLE10801,OLE10801,OLE10076,OLE10503,Y
OLE10802,OLE10802,OLE10074,OLE10504,Y
OLE10803,OLE10803,OLE10074,OLE10505,Y
OLE10804,OLE10804,OLE10073,OLE10502,Y
OLE10805,OLE10805,OLE10073,OLE10503,Y
OLE10806,OLE10806,OLE10073,OLE10504,Y
OLE10807,OLE10807,OLE10073,OLE10505,Y
OLE10808,OLE10808,OLE10073,OLE10506,Y
OLE12506,OLE12506,OLE10077,OLE3010502,Y
OLE12507,OLE12507,OLE10078,OLE3010502,Y
OLE12508,OLE12508,OLE10079,OLE3010502,Y
OLE12509,OLE12509,OLE10080,OLE3010502,Y
OLE12510,OLE12510,OLE10082,OLE3010502,Y
